

DROP DATABASE IF EXISTS RANDOM_TEST

CREATE DATABASE RANDOM_TEST

DROP TABLE IF EXISTS T1

CREATE TABLE T1(C1 NUMERIC, C2 NUMERIC, C3 NUMERIC, C4 NUMERIC)

SELECT * FROM T1

+------+------+------+------+
| c1   | c2   | c3   | c4   |
+------+------+------+------+
| 4    | 9    | 6    | 8    |
| 9    | 6    | 4    | 2    |
| 9    | 7    | 2    | 1    |
| 5    | 3    | 4    | 9    |
| 0    | 0    | 6    | 8    |
| 7    | 4    | 3    | 2    |
| 7    | 5    | 5    | 1    |
| 4    | 1    | 6    | 7    |
| 0    | 6    | 4    | 2    |
| 2    | 2    | 1    | 1    |
+------+------+------+------+
10 rows in set

DROP TABLE IF EXISTS T2

CREATE TABLE T2(C1 NUMERIC, C2 NUMERIC, C3 NUMERIC, C4 NUMERIC)

SELECT * FROM T2

+------+------+------+------+
| c1   | c2   | c3   | c4   |
+------+------+------+------+
| 4    | 8    | 4    | 1    |
| 0    | 9    | 5    | 1    |
| 7    | 5    | 7    | 7    |
| 8    | 5    | 7    | 0    |
| 2    | 9    | 6    | 7    |
| 3    | 4    | 4    | 4    |
| 2    | 5    | 2    | 1    |
| 5    | 9    | 1    | 1    |
| 9    | 5    | 0    | 1    |
| 9    | 3    | 0    | 8    |
+------+------+------+------+
10 rows in set

EXPLAIN DELETE T1 FROM T2 T1, T1 T2

Query Plan:
+--------------------------------------------------------------+
| ID | OPERATOR                 | NAME | ROW COUNT | COST      |
+--------------------------------------------------------------+
| 0  | DELETE                   | T1   | 100000    | 1.341e+09 |
| 1  |  DISTINCT                |      | 100000    | 1.341e+09 |
| 2  |   NESTED LOOP Inner JOIN |      | 1.000e+10 | 4.101e+07 |
| 3  |    TABLE SCAN            | T1   | 100000    | 5410      |
| 4  |    TABLE SCAN            | T2   | 100000    | 409       |
+--------------------------------------------------------------+
Outputs & filters:
1 - output([t1.ROWID])
2 - output([t1.ROWID])
3 - output([t1.ROWID])
access([t1.ROWID])

outline:
/*+
USE_NL(@SEL1 t2)
LEADING(@SEL1 t1, t2)
*/

DELETE T1 FROM T2 T1, T1 T2

SELECT * FROM T1

+------+------+------+------+
| c1   | c2   | c3   | c4   |
+------+------+------+------+
| 4    | 9    | 6    | 8    |
| 9    | 6    | 4    | 2    |
| 9    | 7    | 2    | 1    |
| 5    | 3    | 4    | 9    |
| 0    | 0    | 6    | 8    |
| 7    | 4    | 3    | 2    |
| 7    | 5    | 5    | 1    |
| 4    | 1    | 6    | 7    |
| 0    | 6    | 4    | 2    |
| 2    | 2    | 1    | 1    |
+------+------+------+------+
10 rows in set

EXPLAIN DELETE T1 FROM T2 T1, T2 T2 RIGHT JOIN T1 T3 ON ((T3.C1 < T2.C4 OR T3.C2 IS NULL) OR (T2.C4) IS NULL), T1 T4 LEFT JOIN T2 T5 ON (T4.C1 != T5.C3 AND T4.C1 > T4.C2 AND (T4.C4) NOT BETWEEN T5.C4 AND T5.C4), T2 T6, T2 T7, T2 T8, T1 T9

Query Plan:
+--------------------------------------------------------------------+
| ID | OPERATOR                       | NAME | ROW COUNT | COST      |
+--------------------------------------------------------------------+
| 0  | DELETE                         | T1   | 100000    | 8.440e+42 |
| 1  |  DISTINCT                      |      | 100000    | 8.440e+42 |
| 2  |   NESTED LOOP Inner JOIN       |      | 6.294e+43 | 2.580e+41 |
| 3  |    NESTED LOOP Inner JOIN      |      | 6.294e+18 | 1.764e+18 |
| 4  |     NESTED LOOP LeftOuter JOIN |      | 2.098e+09 | 1.941e+09 |
| 5  |      TABLE SCAN                | T4   | 100000    | 15410     |
| 6  |      TABLE SCAN                | T5   | 100000    | 10410     |
| 7  |     NESTED LOOP LeftOuter JOIN |      | 3.000e+09 | 8.410e+08 |
| 8  |      TABLE SCAN                | T3   | 100000    | 10410     |
| 9  |      TABLE SCAN                | T2   | 100000    | 5410      |
| 10 |    NESTED LOOP Inner JOIN      |      | 1.000e+25 | 4.100e+22 |
| 11 |     NESTED LOOP Inner JOIN     |      | 1.000e+20 | 4.100e+17 |
| 12 |      NESTED LOOP Inner JOIN    |      | 1.000e+15 | 4.100e+12 |
| 13 |       NESTED LOOP Inner JOIN   |      | 1.000e+10 | 4.101e+07 |
| 14 |        TABLE SCAN              | T1   | 100000    | 5410      |
| 15 |        TABLE SCAN              | T6   | 100000    | 409       |
| 16 |       TABLE SCAN               | T7   | 100000    | 409       |
| 17 |      TABLE SCAN                | T8   | 100000    | 409       |
| 18 |     TABLE SCAN                 | T9   | 100000    | 409       |
+--------------------------------------------------------------------+
Outputs & filters:
1 - output([t1.ROWID])
2 - output([t1.ROWID])
4 - other_join_conditions([t4.c1!=t5.c3], [t4.c1>t4.c2], [t4.c4 NOT BETWEEN t5.c4 AND t5.c4])
5 - output([t4.c1], [t4.c1>t4.c2], [t4.c4])
access([t4.c1], [t4.c2], [t4.c4])
6 - output([t5.c3], [t5.c4])
access([t5.c3], [t5.c4])
7 - other_join_conditions([t3.c1<t2.c4 OR t3.c2 IS NULL OR t2.c4 IS NULL])
8 - output([t3.c1], [t3.c2])
access([t3.c1], [t3.c2])
9 - output([t2.c4])
access([t2.c4])
10 - output([t1.ROWID])
11 - output([t1.ROWID])
12 - output([t1.ROWID])
13 - output([t1.ROWID])
14 - output([t1.ROWID])
access([t1.ROWID])

outline:
/*+
USE_NL(@SEL1 t5)
USE_NL(@SEL1 t2)
USE_NL(@SEL1 t3, t2)
USE_NL(@SEL1 t6)
USE_NL(@SEL1 t7)
USE_NL(@SEL1 t8)
USE_NL(@SEL1 t9)
USE_NL(@SEL1 t1, t6, t7, t8, t9)
LEADING(@SEL1 ((t4, t5), (t3, t2)), ((((t1, t6), t7), t8), t9))
*/

DELETE T1 FROM T2 T1, T2 T2 RIGHT JOIN T1 T3 ON ((T3.C1 < T2.C4 OR T3.C2 IS NULL) OR (T2.C4) IS NULL), T1 T4 LEFT JOIN T2 T5 ON (T4.C1 != T5.C3 AND T4.C1 > T4.C2 AND (T4.C4) NOT BETWEEN T5.C4 AND T5.C4), T2 T6, T2 T7, T2 T8, T1 T9

SELECT * FROM T1

+------+------+------+------+
| c1   | c2   | c3   | c4   |
+------+------+------+------+
| 4    | 9    | 6    | 8    |
| 9    | 6    | 4    | 2    |
| 9    | 7    | 2    | 1    |
| 5    | 3    | 4    | 9    |
| 0    | 0    | 6    | 8    |
| 7    | 4    | 3    | 2    |
| 7    | 5    | 5    | 1    |
| 4    | 1    | 6    | 7    |
| 0    | 6    | 4    | 2    |
| 2    | 2    | 1    | 1    |
+------+------+------+------+
10 rows in set

EXPLAIN DELETE T1 FROM T2 T1, T2 T2

Query Plan:
+--------------------------------------------------------------+
| ID | OPERATOR                 | NAME | ROW COUNT | COST      |
+--------------------------------------------------------------+
| 0  | DELETE                   | T1   | 100000    | 1.341e+09 |
| 1  |  DISTINCT                |      | 100000    | 1.341e+09 |
| 2  |   NESTED LOOP Inner JOIN |      | 1.000e+10 | 4.101e+07 |
| 3  |    TABLE SCAN            | T1   | 100000    | 5410      |
| 4  |    TABLE SCAN            | T2   | 100000    | 409       |
+--------------------------------------------------------------+
Outputs & filters:
1 - output([t1.ROWID])
2 - output([t1.ROWID])
3 - output([t1.ROWID])
access([t1.ROWID])

outline:
/*+
USE_NL(@SEL1 t2)
LEADING(@SEL1 t1, t2)
*/

DELETE T1 FROM T2 T1, T2 T2

SELECT * FROM T1

+------+------+------+------+
| c1   | c2   | c3   | c4   |
+------+------+------+------+
| 4    | 9    | 6    | 8    |
| 9    | 6    | 4    | 2    |
| 9    | 7    | 2    | 1    |
| 5    | 3    | 4    | 9    |
| 0    | 0    | 6    | 8    |
| 7    | 4    | 3    | 2    |
| 7    | 5    | 5    | 1    |
| 4    | 1    | 6    | 7    |
| 0    | 6    | 4    | 2    |
| 2    | 2    | 1    | 1    |
+------+------+------+------+
10 rows in set

EXPLAIN DELETE T1 FROM T2 T1, T1 T2, T1 T3, T2 T4 FULL JOIN (T1 T5 INNER JOIN T1 T6 ON T6.C3 IS NULL INNER JOIN T1 T7 ON T6.C1 IS NULL) ON (T7.C3) != (T7.C1) AND (T6.C3) LIKE T7.C3 RIGHT JOIN T1 T8 ON (T8.C1) IS NULL

Query Plan:
+-------------------------------------------------------------------------+
| ID | OPERATOR                           | NAME  | ROW COUNT | COST      |
+-------------------------------------------------------------------------+
| 0  | DELETE                             | T1    | 100000    | 4.019e+32 |
| 1  |  DISTINCT                          |       | 100000    | 4.019e+32 |
| 2  |   NESTED LOOP Inner JOIN           |       | 2.997e+33 | 1.229e+31 |
| 3  |    NESTED LOOP Inner JOIN          |       | 2.997e+28 | 1.229e+26 |
| 4  |     NESTED LOOP Inner JOIN         |       | 2.997e+23 | 1.623e+22 |
| 5  |      NESTED LOOP LeftOuter JOIN    |       | 2.997e+18 | 1.622e+19 |
| 6  |       TABLE SCAN                   | T8    | 100000    | 5410      |
| 7  |       VIEW                         | VIEW1 | 2.997e+15 | 7.226e+13 |
| 8  |        UNION_ALL                   |       | 2.997e+15 | 7.226e+13 |
| 9  |         NESTED LOOP LeftOuter JOIN |       | 2.997e+15 | 1.231e+13 |
| 10 |          TABLE SCAN                | T4    | 100000    | 409       |
| 11 |          NESTED LOOP Inner JOIN    |       | 2.997e+10 | 1.231e+08 |
| 12 |           NESTED LOOP Inner JOIN   |       | 299700    | 193890    |
| 13 |            TABLE SCAN              | T6    | 10        | 16410     |
| 14 |            TABLE SCAN              | T7    | 99900     | 13410     |
| 15 |           TABLE SCAN               | T5    | 100000    | 409       |
| 16 |         NESTED LOOP Inner JOIN     |       | 1.000e+11 | 6.820e+09 |
| 17 |          NESTED LOOP LeftAnti JOIN |       | 1.000e+06 | 6.410e+09 |
| 18 |           NESTED LOOP Inner JOIN   |       | 1.000e+06 | 130920    |
| 19 |            TABLE SCAN              | T6    | 10        | 16410     |
| 20 |            TABLE SCAN              | T7    | 100000    | 10410     |
| 21 |           TABLE SCAN               | T4    | 100000    | 409       |
| 22 |          TABLE SCAN                | T5    | 100000    | 409       |
| 23 |      TABLE SCAN                    | T1    | 100000    | 5410      |
| 24 |     TABLE SCAN                     | T2    | 100000    | 409       |
| 25 |    TABLE SCAN                      | T3    | 100000    | 409       |
+-------------------------------------------------------------------------+
Outputs & filters:
1 - output([t1.ROWID])
2 - output([t1.ROWID])
3 - output([t1.ROWID])
4 - output([t1.ROWID])
5 - other_join_conditions([t8.c1 IS NULL])
6 - output([t8.c1 IS NULL])
access([t8.c1])
8 - output([UNION_ALL(0)], [UNION_ALL(1)], [UNION_ALL(2)], [UNION_ALL(3)])
9 - output([t6.c3], [t6.c1], [t7.c3], [t7.c1])
11 - output([t6.c3], [t6.c1], [t7.c3], [t7.c1])
12 - output([t6.c3], [t6.c1], [t7.c3], [t7.c1])
other_join_conditions([t6.c3 LIKE t7.c3])
13 - output([t6.c3], [t6.c1])
filters([t6.c1 IS NULL], [t6.c3 IS NULL])
access([t6.c3], [t6.c1])
14 - output([t7.c3], [t7.c1])
filters([t7.c3!=t7.c1])
access([t7.c3], [t7.c1])
16 - output([t6.c3], [t6.c1], [t7.c3], [t7.c1])
17 - output([t6.c3], [t6.c1], [t7.c3], [t7.c1])
other_join_conditions([t7.c3!=t7.c1], [t6.c3 LIKE t7.c3])
18 - output([t7.c3!=t7.c1], [t6.c3 LIKE t7.c3], [t6.c3], [t6.c1], [t7.c3], [t7.c1])
19 - output([t6.c3], [t6.c1])
filters([t6.c1 IS NULL], [t6.c3 IS NULL])
access([t6.c3], [t6.c1])
20 - output([t7.c3!=t7.c1], [t7.c3], [t7.c1])
access([t7.c3], [t7.c1])
23 - output([t1.ROWID])
access([t1.ROWID])

outline:
/*+
USE_NL(@SEL1 VIEW1)
USE_NL(@SEL1 t1)
USE_NL(@SEL1 t2)
USE_NL(@SEL1 t3)
LEADING(@SEL1 (((t8, VIEW1), t1), t2), t3)
USE_NL(@SEL2 t7)
USE_NL(@SEL2 t5)
USE_NL(@SEL2 t6, t7, t5)
LEADING(@SEL2 t4, ((t6, t7), t5))
USE_NL(@SEL3 t7)
USE_NL(@SEL3 t4)
USE_NL(@SEL3 t5)
LEADING(@SEL3 ((t6, t7), t4), t5)
*/

DELETE T1 FROM T2 T1, T1 T2, T1 T3, T2 T4 FULL JOIN (T1 T5 INNER JOIN T1 T6 ON T6.C3 IS NULL INNER JOIN T1 T7 ON T6.C1 IS NULL) ON (T7.C3) != (T7.C1) AND (T6.C3) LIKE T7.C3 RIGHT JOIN T1 T8 ON (T8.C1) IS NULL

SELECT * FROM T1

+------+------+------+------+
| c1   | c2   | c3   | c4   |
+------+------+------+------+
| 4    | 9    | 6    | 8    |
| 9    | 6    | 4    | 2    |
| 9    | 7    | 2    | 1    |
| 5    | 3    | 4    | 9    |
| 0    | 0    | 6    | 8    |
| 7    | 4    | 3    | 2    |
| 7    | 5    | 5    | 1    |
| 4    | 1    | 6    | 7    |
| 0    | 6    | 4    | 2    |
| 2    | 2    | 1    | 1    |
+------+------+------+------+
10 rows in set

EXPLAIN DELETE T1 FROM T1 T1, T1 T2 WHERE T1.C4 IS NULL

Query Plan:
+--------------------------------------------------------------+
| ID | OPERATOR                 | NAME | ROW COUNT | COST      |
+--------------------------------------------------------------+
| 0  | DELETE                   | T1   | 1         | 1.342e+07 |
| 1  |  DISTINCT                |      | 1         | 1.342e+07 |
| 2  |   NESTED LOOP Inner JOIN |      | 1.000e+08 | 423819    |
| 3  |    TABLE SCAN            | T1   | 1000      | 13410     |
| 4  |    TABLE SCAN            | T2   | 100000    | 409       |
+--------------------------------------------------------------+
Outputs & filters:
1 - output([t1.ROWID])
2 - output([t1.ROWID])
3 - output([t1.ROWID])
filters([t1.c4 IS NULL])
access([t1.c4], [t1.ROWID])

outline:
/*+
USE_NL(@SEL1 t2)
LEADING(@SEL1 t1, t2)
*/

DELETE T1 FROM T1 T1, T1 T2 WHERE T1.C4 IS NULL

SELECT * FROM T1

+------+------+------+------+
| c1   | c2   | c3   | c4   |
+------+------+------+------+
| 4    | 9    | 6    | 8    |
| 9    | 6    | 4    | 2    |
| 9    | 7    | 2    | 1    |
| 5    | 3    | 4    | 9    |
| 0    | 0    | 6    | 8    |
| 7    | 4    | 3    | 2    |
| 7    | 5    | 5    | 1    |
| 4    | 1    | 6    | 7    |
| 0    | 6    | 4    | 2    |
| 2    | 2    | 1    | 1    |
+------+------+------+------+
10 rows in set

EXPLAIN DELETE T1 FROM T2 T1, T1 T2

Query Plan:
+--------------------------------------------------------------+
| ID | OPERATOR                 | NAME | ROW COUNT | COST      |
+--------------------------------------------------------------+
| 0  | DELETE                   | T1   | 100000    | 1.341e+09 |
| 1  |  DISTINCT                |      | 100000    | 1.341e+09 |
| 2  |   NESTED LOOP Inner JOIN |      | 1.000e+10 | 4.101e+07 |
| 3  |    TABLE SCAN            | T1   | 100000    | 5410      |
| 4  |    TABLE SCAN            | T2   | 100000    | 409       |
+--------------------------------------------------------------+
Outputs & filters:
1 - output([t1.ROWID])
2 - output([t1.ROWID])
3 - output([t1.ROWID])
access([t1.ROWID])

outline:
/*+
USE_NL(@SEL1 t2)
LEADING(@SEL1 t1, t2)
*/

DELETE T1 FROM T2 T1, T1 T2

SELECT * FROM T1

+------+------+------+------+
| c1   | c2   | c3   | c4   |
+------+------+------+------+
| 4    | 9    | 6    | 8    |
| 9    | 6    | 4    | 2    |
| 9    | 7    | 2    | 1    |
| 5    | 3    | 4    | 9    |
| 0    | 0    | 6    | 8    |
| 7    | 4    | 3    | 2    |
| 7    | 5    | 5    | 1    |
| 4    | 1    | 6    | 7    |
| 0    | 6    | 4    | 2    |
| 2    | 2    | 1    | 1    |
+------+------+------+------+
10 rows in set

EXPLAIN DELETE T1 FROM T2 T1, T1 T2

Query Plan:
+--------------------------------------------------------------+
| ID | OPERATOR                 | NAME | ROW COUNT | COST      |
+--------------------------------------------------------------+
| 0  | DELETE                   | T1   | 100000    | 1.341e+09 |
| 1  |  DISTINCT                |      | 100000    | 1.341e+09 |
| 2  |   NESTED LOOP Inner JOIN |      | 1.000e+10 | 4.101e+07 |
| 3  |    TABLE SCAN            | T1   | 100000    | 5410      |
| 4  |    TABLE SCAN            | T2   | 100000    | 409       |
+--------------------------------------------------------------+
Outputs & filters:
1 - output([t1.ROWID])
2 - output([t1.ROWID])
3 - output([t1.ROWID])
access([t1.ROWID])

outline:
/*+
USE_NL(@SEL1 t2)
LEADING(@SEL1 t1, t2)
*/

DELETE T1 FROM T2 T1, T1 T2

SELECT * FROM T1

+------+------+------+------+
| c1   | c2   | c3   | c4   |
+------+------+------+------+
| 4    | 9    | 6    | 8    |
| 9    | 6    | 4    | 2    |
| 9    | 7    | 2    | 1    |
| 5    | 3    | 4    | 9    |
| 0    | 0    | 6    | 8    |
| 7    | 4    | 3    | 2    |
| 7    | 5    | 5    | 1    |
| 4    | 1    | 6    | 7    |
| 0    | 6    | 4    | 2    |
| 2    | 2    | 1    | 1    |
+------+------+------+------+
10 rows in set

EXPLAIN DELETE T1 FROM T2 T1, T1 T2, T1 T3, T1 T4, T1 T5 WHERE (T1.C1) >= T2.C2

Query Plan:
+-----------------------------------------------------------------+
| ID | OPERATOR                    | NAME | ROW COUNT | COST      |
+-----------------------------------------------------------------+
| 0  | DELETE                      | T1   | 100000    | 4.023e+23 |
| 1  |  DISTINCT                   |      | 100000    | 4.023e+23 |
| 2  |   NESTED LOOP Inner JOIN    |      | 3.000e+24 | 1.230e+22 |
| 3  |    NESTED LOOP Inner JOIN   |      | 3.000e+19 | 1.230e+17 |
| 4  |     NESTED LOOP Inner JOIN  |      | 3.000e+14 | 1.231e+12 |
| 5  |      NESTED LOOP Inner JOIN |      | 3.000e+09 | 8.410e+08 |
| 6  |       TABLE SCAN            | T1   | 100000    | 10410     |
| 7  |       TABLE SCAN            | T2   | 100000    | 5410      |
| 8  |      TABLE SCAN             | T3   | 100000    | 409       |
| 9  |     TABLE SCAN              | T4   | 100000    | 409       |
| 10 |    TABLE SCAN               | T5   | 100000    | 409       |
+-----------------------------------------------------------------+
Outputs & filters:
1 - output([t1.ROWID])
2 - output([t1.ROWID])
3 - output([t1.ROWID])
4 - output([t1.ROWID])
5 - output([t1.ROWID])
other_join_conditions([t1.c1>=t2.c2])
6 - output([t1.c1], [t1.ROWID])
access([t1.c1], [t1.ROWID])
7 - output([t2.c2])
access([t2.c2])

outline:
/*+
USE_NL(@SEL1 t2)
USE_NL(@SEL1 t3)
USE_NL(@SEL1 t4)
USE_NL(@SEL1 t5)
LEADING(@SEL1 (((t1, t2), t3), t4), t5)
*/

DELETE T1 FROM T2 T1, T1 T2, T1 T3, T1 T4, T1 T5 WHERE (T1.C1) >= T2.C2

SELECT * FROM T1

+------+------+------+------+
| c1   | c2   | c3   | c4   |
+------+------+------+------+
| 4    | 9    | 6    | 8    |
| 9    | 6    | 4    | 2    |
| 9    | 7    | 2    | 1    |
| 5    | 3    | 4    | 9    |
| 0    | 0    | 6    | 8    |
| 7    | 4    | 3    | 2    |
| 7    | 5    | 5    | 1    |
| 4    | 1    | 6    | 7    |
| 0    | 6    | 4    | 2    |
| 2    | 2    | 1    | 1    |
+------+------+------+------+
10 rows in set

EXPLAIN DELETE T1 FROM T2 T1, T2 T2

Query Plan:
+--------------------------------------------------------------+
| ID | OPERATOR                 | NAME | ROW COUNT | COST      |
+--------------------------------------------------------------+
| 0  | DELETE                   | T1   | 100000    | 1.341e+09 |
| 1  |  DISTINCT                |      | 100000    | 1.341e+09 |
| 2  |   NESTED LOOP Inner JOIN |      | 1.000e+10 | 4.101e+07 |
| 3  |    TABLE SCAN            | T1   | 100000    | 5410      |
| 4  |    TABLE SCAN            | T2   | 100000    | 409       |
+--------------------------------------------------------------+
Outputs & filters:
1 - output([t1.ROWID])
2 - output([t1.ROWID])
3 - output([t1.ROWID])
access([t1.ROWID])

outline:
/*+
USE_NL(@SEL1 t2)
LEADING(@SEL1 t1, t2)
*/

DELETE T1 FROM T2 T1, T2 T2

SELECT * FROM T1

+------+------+------+------+
| c1   | c2   | c3   | c4   |
+------+------+------+------+
| 4    | 9    | 6    | 8    |
| 9    | 6    | 4    | 2    |
| 9    | 7    | 2    | 1    |
| 5    | 3    | 4    | 9    |
| 0    | 0    | 6    | 8    |
| 7    | 4    | 3    | 2    |
| 7    | 5    | 5    | 1    |
| 4    | 1    | 6    | 7    |
| 0    | 6    | 4    | 2    |
| 2    | 2    | 1    | 1    |
+------+------+------+------+
10 rows in set

EXPLAIN DELETE T1 FROM T1 T1, T2 T2 RIGHT JOIN T1 T3 ON ((T3.C4) LIKE T3.C1 OR (T2.C4) BETWEEN T3.C4 AND (T3.C1)), T2 T4 INNER JOIN (T2 T5 FULL JOIN T2 T6 ON T5.C3 < T6.C2) ON T4.C3 NOT BETWEEN T4.C3 AND T6.C1 OR T4.C3 NOT BETWEEN T6.C2 AND (T5.C2), T1 T7, T1 T8 INNER JOIN (T1 T9 FULL JOIN T1 T10 ON T10.C2 IS NULL) ON (T10.C2) NOT LIKE (T8.C1)

Query Plan:
+--------------------------------------------------------------------------+
| ID | OPERATOR                            | NAME  | ROW COUNT | COST      |
+--------------------------------------------------------------------------+
| 0  | DELETE                              | T1    | 100000    | 1.087e+45 |
| 1  |  DISTINCT                           |       | 100000    | 1.087e+45 |
| 2  |   NESTED LOOP Inner JOIN            |       | 8.108e+45 | 3.325e+43 |
| 3  |    NESTED LOOP Inner JOIN           |       | 8.108e+40 | 4.387e+39 |
| 4  |     NESTED LOOP Inner JOIN          |       | 8.108e+35 | 2.273e+35 |
| 5  |      NESTED LOOP Inner JOIN         |       | 2.703e+26 | 7.577e+25 |
| 6  |       NESTED LOOP Inner JOIN        |       | 3.003e+12 | 8.430e+11 |
| 7  |        VIEW                         | VIEW2 | 1.001e+08 | 1.184e+09 |
| 8  |         UNION_ALL                   |       | 1.001e+08 | 1.184e+09 |
| 9  |          NESTED LOOP LeftOuter JOIN |       | 1.000e+08 | 8.410e+08 |
| 10 |           TABLE SCAN                | T9    | 100000    | 409       |
| 11 |           TABLE SCAN                | T10   | 1000      | 8410      |
| 12 |          NESTED LOOP LeftAnti JOIN  |       | 100000    | 3.410e+08 |
| 13 |           TABLE SCAN                | T10   | 100000    | 5410      |
| 14 |           TABLE SCAN                | T9    | 100000    | 409       |
| 15 |        TABLE SCAN                   | T8    | 100000    | 5410      |
| 16 |       NESTED LOOP Inner JOIN        |       | 9.000e+13 | 2.523e+13 |
| 17 |        VIEW                         | VIEW1 | 3.000e+09 | 2.242e+09 |
| 18 |         UNION_ALL                   |       | 3.000e+09 | 2.242e+09 |
| 19 |          NESTED LOOP LeftOuter JOIN |       | 3.000e+09 | 1.341e+09 |
| 20 |           TABLE SCAN                | T5    | 100000    | 10410     |
| 21 |           TABLE SCAN                | T6    | 100000    | 10410     |
| 22 |          NESTED LOOP LeftAnti JOIN  |       | 100000    | 8.410e+08 |
| 23 |           TABLE SCAN                | T6    | 100000    | 10410     |
| 24 |           TABLE SCAN                | T5    | 100000    | 5410      |
| 25 |        TABLE SCAN                   | T4    | 100000    | 5410      |
| 26 |      NESTED LOOP LeftOuter JOIN     |       | 3.000e+09 | 8.410e+08 |
| 27 |       TABLE SCAN                    | T3    | 100000    | 10410     |
| 28 |       TABLE SCAN                    | T2    | 100000    | 5410      |
| 29 |     TABLE SCAN                      | T1    | 100000    | 5410      |
| 30 |    TABLE SCAN                       | T7    | 100000    | 409       |
+--------------------------------------------------------------------------+
Outputs & filters:
1 - output([t1.ROWID])
2 - output([t1.ROWID])
3 - output([t1.ROWID])
6 - other_join_conditions([VIEW2.C0 NOT LIKE t8.c1])
7 - output([VIEW2.C0])
8 - output([UNION_ALL(0)])
9 - output([t10.c2])
11 - output([t10.c2])
filters([t10.c2 IS NULL])
access([t10.c2])
12 - output([t10.c2])
other_join_conditions([t10.c2 IS NULL])
13 - output([t10.c2 IS NULL], [t10.c2])
access([t10.c2])
15 - output([t8.c1])
access([t8.c1])
16 - other_join_conditions([t4.c3 NOT BETWEEN t4.c3 AND VIEW1.C2 OR t4.c3 NOT BETWEEN VIEW1.C3 AND VIEW1.C0])
17 - output([VIEW1.C2], [VIEW1.C3], [VIEW1.C0])
18 - output([UNION_ALL(0)], [UNION_ALL(1)], [UNION_ALL(2)], [UNION_ALL(3)])
19 - output([t5.c2], [t5.c3], [t6.c1], [t6.c2])
other_join_conditions([t5.c3<t6.c2])
20 - output([t5.c3], [t5.c2])
access([t5.c3], [t5.c2])
21 - output([t6.c2], [t6.c1])
access([t6.c2], [t6.c1])
22 - output([NULL], [NULL], [t6.c1], [t6.c2])
other_join_conditions([t5.c3<t6.c2])
23 - output([t6.c2], [t6.c1])
access([t6.c2], [t6.c1])
24 - output([t5.c3])
access([t5.c3])
25 - output([t4.c3])
access([t4.c3])
26 - other_join_conditions([t3.c4 LIKE t3.c1 OR t2.c4 BETWEEN t3.c4 AND t3.c1])
27 - output([t3.c4], [t3.c1])
access([t3.c4], [t3.c1])
28 - output([t2.c4])
access([t2.c4])
29 - output([t1.ROWID])
access([t1.ROWID])

outline:
/*+
USE_NL(@SEL1 t8)
USE_NL(@SEL1 t4)
USE_NL(@SEL1 VIEW1, t4)
USE_NL(@SEL1 t2)
USE_NL(@SEL1 t3, t2)
USE_NL(@SEL1 t1)
USE_NL(@SEL1 t7)
LEADING(@SEL1 ((((VIEW2, t8), (VIEW1, t4)), (t3, t2)), t1), t7)
USE_NL(@SEL2 t6)
LEADING(@SEL2 t5, t6)
USE_NL(@SEL3 t5)
LEADING(@SEL3 t6, t5)
USE_NL(@SEL5 t10)
LEADING(@SEL5 t9, t10)
USE_NL(@SEL6 t9)
LEADING(@SEL6 t10, t9)
*/

DELETE T1 FROM T1 T1, T2 T2 RIGHT JOIN T1 T3 ON ((T3.C4) LIKE T3.C1 OR (T2.C4) BETWEEN T3.C4 AND (T3.C1)), T2 T4 INNER JOIN (T2 T5 FULL JOIN T2 T6 ON T5.C3 < T6.C2) ON T4.C3 NOT BETWEEN T4.C3 AND T6.C1 OR T4.C3 NOT BETWEEN T6.C2 AND (T5.C2), T1 T7, T1 T8 INNER JOIN (T1 T9 FULL JOIN T1 T10 ON T10.C2 IS NULL) ON (T10.C2) NOT LIKE (T8.C1)

SELECT * FROM T1

+------+------+------+------+
| c1   | c2   | c3   | c4   |
+------+------+------+------+
| 4    | 9    | 6    | 8    |
| 9    | 6    | 4    | 2    |
| 9    | 7    | 2    | 1    |
| 5    | 3    | 4    | 9    |
| 0    | 0    | 6    | 8    |
| 7    | 4    | 3    | 2    |
| 7    | 5    | 5    | 1    |
| 4    | 1    | 6    | 7    |
| 0    | 6    | 4    | 2    |
| 2    | 2    | 1    | 1    |
+------+------+------+------+
10 rows in set

EXPLAIN DELETE T1 FROM T1 T1, T2 T2

Query Plan:
+--------------------------------------------------------------+
| ID | OPERATOR                 | NAME | ROW COUNT | COST      |
+--------------------------------------------------------------+
| 0  | DELETE                   | T1   | 100000    | 1.341e+09 |
| 1  |  DISTINCT                |      | 100000    | 1.341e+09 |
| 2  |   NESTED LOOP Inner JOIN |      | 1.000e+10 | 4.101e+07 |
| 3  |    TABLE SCAN            | T1   | 100000    | 5410      |
| 4  |    TABLE SCAN            | T2   | 100000    | 409       |
+--------------------------------------------------------------+
Outputs & filters:
1 - output([t1.ROWID])
2 - output([t1.ROWID])
3 - output([t1.ROWID])
access([t1.ROWID])

outline:
/*+
USE_NL(@SEL1 t2)
LEADING(@SEL1 t1, t2)
*/

DELETE T1 FROM T1 T1, T2 T2

SELECT * FROM T1

+------+------+------+------+
| c1   | c2   | c3   | c4   |
+------+------+------+------+
| 4    | 9    | 6    | 8    |
| 9    | 6    | 4    | 2    |
| 9    | 7    | 2    | 1    |
| 5    | 3    | 4    | 9    |
| 0    | 0    | 6    | 8    |
| 7    | 4    | 3    | 2    |
| 7    | 5    | 5    | 1    |
| 4    | 1    | 6    | 7    |
| 0    | 6    | 4    | 2    |
| 2    | 2    | 1    | 1    |
+------+------+------+------+
10 rows in set

EXPLAIN DELETE T1 FROM T2 T1, T2 T2

Query Plan:
+--------------------------------------------------------------+
| ID | OPERATOR                 | NAME | ROW COUNT | COST      |
+--------------------------------------------------------------+
| 0  | DELETE                   | T1   | 100000    | 1.341e+09 |
| 1  |  DISTINCT                |      | 100000    | 1.341e+09 |
| 2  |   NESTED LOOP Inner JOIN |      | 1.000e+10 | 4.101e+07 |
| 3  |    TABLE SCAN            | T1   | 100000    | 5410      |
| 4  |    TABLE SCAN            | T2   | 100000    | 409       |
+--------------------------------------------------------------+
Outputs & filters:
1 - output([t1.ROWID])
2 - output([t1.ROWID])
3 - output([t1.ROWID])
access([t1.ROWID])

outline:
/*+
USE_NL(@SEL1 t2)
LEADING(@SEL1 t1, t2)
*/

DELETE T1 FROM T2 T1, T2 T2

SELECT * FROM T1

+------+------+------+------+
| c1   | c2   | c3   | c4   |
+------+------+------+------+
| 4    | 9    | 6    | 8    |
| 9    | 6    | 4    | 2    |
| 9    | 7    | 2    | 1    |
| 5    | 3    | 4    | 9    |
| 0    | 0    | 6    | 8    |
| 7    | 4    | 3    | 2    |
| 7    | 5    | 5    | 1    |
| 4    | 1    | 6    | 7    |
| 0    | 6    | 4    | 2    |
| 2    | 2    | 1    | 1    |
+------+------+------+------+
10 rows in set

EXPLAIN DELETE T1 FROM T2 T1, T1 T2 WHERE ((T1.C1 != (T2.C1) AND (T2.C4) IS NULL) AND (T2.C3) NOT BETWEEN T1.C4 AND T1.C1)

Query Plan:
+--------------------------------------------------------------+
| ID | OPERATOR                 | NAME | ROW COUNT | COST      |
+--------------------------------------------------------------+
| 0  | DELETE                   | T1   | 100000    | 3.054e+07 |
| 1  |  DISTINCT                |      | 100000    | 3.053e+07 |
| 2  |   NESTED LOOP Inner JOIN |      | 6.993e+07 | 2.144e+07 |
| 3  |    TABLE SCAN            | T2   | 1000      | 18410     |
| 4  |    TABLE SCAN            | T1   | 100000    | 15410     |
+--------------------------------------------------------------+
Outputs & filters:
1 - output([t1.ROWID])
2 - output([t1.ROWID])
other_join_conditions([t1.c1!=t2.c1], [t2.c3 NOT BETWEEN t1.c4 AND t1.c1])
3 - output([t2.c1], [t2.c3])
filters([t2.c4 IS NULL])
access([t2.c1], [t2.c4], [t2.c3])
4 - output([t1.c1], [t1.c4], [t1.ROWID])
access([t1.c1], [t1.c4], [t1.ROWID])

outline:
/*+
USE_NL(@SEL1 t1)
LEADING(@SEL1 t2, t1)
*/

DELETE T1 FROM T2 T1, T1 T2 WHERE ((T1.C1 != (T2.C1) AND (T2.C4) IS NULL) AND (T2.C3) NOT BETWEEN T1.C4 AND T1.C1)

SELECT * FROM T1

+------+------+------+------+
| c1   | c2   | c3   | c4   |
+------+------+------+------+
| 4    | 9    | 6    | 8    |
| 9    | 6    | 4    | 2    |
| 9    | 7    | 2    | 1    |
| 5    | 3    | 4    | 9    |
| 0    | 0    | 6    | 8    |
| 7    | 4    | 3    | 2    |
| 7    | 5    | 5    | 1    |
| 4    | 1    | 6    | 7    |
| 0    | 6    | 4    | 2    |
| 2    | 2    | 1    | 1    |
+------+------+------+------+
10 rows in set

EXPLAIN DELETE T1 FROM T2 T1, T2 T2, T1 T3, T2 T4 INNER JOIN T1 T5 ON (T5.C1) NOT BETWEEN (T4.C2) AND (T4.C2) OR (T4.C1) LIKE (T5.C3) OR (T5.C4) < T4.C1 AND T4.C3 LIKE (T4.C4) WHERE (T5.C1) LIKE T2.C2

Query Plan:
+-----------------------------------------------------------------+
| ID | OPERATOR                    | NAME | ROW COUNT | COST      |
+-----------------------------------------------------------------+
| 0  | DELETE                      | T1   | 100000    | 1.207e+23 |
| 1  |  DISTINCT                   |      | 100000    | 1.207e+23 |
| 2  |   NESTED LOOP Inner JOIN    |      | 9.000e+23 | 3.690e+21 |
| 3  |    NESTED LOOP Inner JOIN   |      | 9.000e+18 | 4.869e+17 |
| 4  |     NESTED LOOP Inner JOIN  |      | 9.000e+13 | 2.523e+13 |
| 5  |      NESTED LOOP Inner JOIN |      | 3.000e+09 | 1.841e+09 |
| 6  |       TABLE SCAN            | T4   | 100000    | 20410     |
| 7  |       TABLE SCAN            | T5   | 100000    | 15410     |
| 8  |      TABLE SCAN             | T2   | 100000    | 5410      |
| 9  |     TABLE SCAN              | T1   | 100000    | 5410      |
| 10 |    TABLE SCAN               | T3   | 100000    | 409       |
+-----------------------------------------------------------------+
Outputs & filters:
1 - output([t1.ROWID])
2 - output([t1.ROWID])
3 - output([t1.ROWID])
4 - other_join_conditions([t5.c1 LIKE t2.c2])
5 - output([t5.c1])
other_join_conditions([t5.c1 NOT BETWEEN t4.c2 AND t4.c2 OR t4.c1 LIKE t5.c3 OR t5.c4<t4.c1 AND t4.c3 LIKE t4.c4])
6 - output([t4.c2], [t4.c1], [t4.c3], [t4.c4])
access([t4.c2], [t4.c1], [t4.c3], [t4.c4])
7 - output([t5.c1], [t5.c3], [t5.c4])
access([t5.c1], [t5.c3], [t5.c4])
8 - output([t2.c2])
access([t2.c2])
9 - output([t1.ROWID])
access([t1.ROWID])

outline:
/*+
USE_NL(@SEL1 t5)
USE_NL(@SEL1 t2)
USE_NL(@SEL1 t1)
USE_NL(@SEL1 t3)
LEADING(@SEL1 (((t4, t5), t2), t1), t3)
*/

DELETE T1 FROM T2 T1, T2 T2, T1 T3, T2 T4 INNER JOIN T1 T5 ON (T5.C1) NOT BETWEEN (T4.C2) AND (T4.C2) OR (T4.C1) LIKE (T5.C3) OR (T5.C4) < T4.C1 AND T4.C3 LIKE (T4.C4) WHERE (T5.C1) LIKE T2.C2

SELECT * FROM T1

+------+------+------+------+
| c1   | c2   | c3   | c4   |
+------+------+------+------+
| 4    | 9    | 6    | 8    |
| 9    | 6    | 4    | 2    |
| 9    | 7    | 2    | 1    |
| 5    | 3    | 4    | 9    |
| 0    | 0    | 6    | 8    |
| 7    | 4    | 3    | 2    |
| 7    | 5    | 5    | 1    |
| 4    | 1    | 6    | 7    |
| 0    | 6    | 4    | 2    |
| 2    | 2    | 1    | 1    |
+------+------+------+------+
10 rows in set

EXPLAIN DELETE T1 FROM T1 T1, T1 T2, T1 T3

Query Plan:
+---------------------------------------------------------------+
| ID | OPERATOR                  | NAME | ROW COUNT | COST      |
+---------------------------------------------------------------+
| 0  | DELETE                    | T1   | 100000    | 1.341e+14 |
| 1  |  DISTINCT                 |      | 100000    | 1.341e+14 |
| 2  |   NESTED LOOP Inner JOIN  |      | 1.000e+15 | 4.100e+12 |
| 3  |    NESTED LOOP Inner JOIN |      | 1.000e+10 | 4.101e+07 |
| 4  |     TABLE SCAN            | T1   | 100000    | 5410      |
| 5  |     TABLE SCAN            | T2   | 100000    | 409       |
| 6  |    TABLE SCAN             | T3   | 100000    | 409       |
+---------------------------------------------------------------+
Outputs & filters:
1 - output([t1.ROWID])
2 - output([t1.ROWID])
3 - output([t1.ROWID])
4 - output([t1.ROWID])
access([t1.ROWID])

outline:
/*+
USE_NL(@SEL1 t2)
USE_NL(@SEL1 t3)
LEADING(@SEL1 (t1, t2), t3)
*/

DELETE T1 FROM T1 T1, T1 T2, T1 T3

SELECT * FROM T1

Empty set

EXPLAIN DELETE T1 FROM T1 T1, T1 T2

Query Plan:
+--------------------------------------------------------------+
| ID | OPERATOR                 | NAME | ROW COUNT | COST      |
+--------------------------------------------------------------+
| 0  | DELETE                   | T1   | 100000    | 1.341e+09 |
| 1  |  DISTINCT                |      | 100000    | 1.341e+09 |
| 2  |   NESTED LOOP Inner JOIN |      | 1.000e+10 | 4.101e+07 |
| 3  |    TABLE SCAN            | T1   | 100000    | 5410      |
| 4  |    TABLE SCAN            | T2   | 100000    | 409       |
+--------------------------------------------------------------+
Outputs & filters:
1 - output([t1.ROWID])
2 - output([t1.ROWID])
3 - output([t1.ROWID])
access([t1.ROWID])

outline:
/*+
USE_NL(@SEL1 t2)
LEADING(@SEL1 t1, t2)
*/

DELETE T1 FROM T1 T1, T1 T2

SELECT * FROM T1

Empty set

EXPLAIN DELETE T1 FROM T2 T1, T2 T2 INNER JOIN T2 T3 ON (T3.C2 LIKE (T3.C1) AND T3.C2 = T2.C4 AND T2.C2 BETWEEN T2.C3 AND (T3.C2))

Query Plan:
+--------------------------------------------------------------+
| ID | OPERATOR                 | NAME | ROW COUNT | COST      |
+--------------------------------------------------------------+
| 0  | DELETE                   | T1   | 100000    | 1.657e+10 |
| 1  |  DISTINCT                |      | 100000    | 1.657e+10 |
| 2  |   NESTED LOOP Inner JOIN |      | 9.000e+10 | 4.869e+09 |
| 3  |    HASH Inner JOIN       |      | 899999    | 66420     |
| 4  |     TABLE SCAN           | T3   | 30000     | 13410     |
| 5  |     TABLE SCAN           | T2   | 100000    | 15410     |
| 6  |    TABLE SCAN            | T1   | 100000    | 5410      |
+--------------------------------------------------------------+
Outputs & filters:
1 - output([t1.ROWID])
2 - output([t1.ROWID])
3 - equal_join_conditions([t3.c2=t2.c4])
other_join_conditions([t2.c2 BETWEEN t2.c3 AND t3.c2])
4 - output([t3.c2])
filters([t3.c2 LIKE t3.c1])
access([t3.c2], [t3.c1])
5 - output([t2.c4], [t2.c2], [t2.c3])
access([t2.c4], [t2.c2], [t2.c3])
6 - output([t1.ROWID])
access([t1.ROWID])

outline:
/*+
USE_HASH(@SEL1 t2)
USE_NL(@SEL1 t1)
LEADING(@SEL1 (t3, t2), t1)
*/

DELETE T1 FROM T2 T1, T2 T2 INNER JOIN T2 T3 ON (T3.C2 LIKE (T3.C1) AND T3.C2 = T2.C4 AND T2.C2 BETWEEN T2.C3 AND (T3.C2))

SELECT * FROM T1

Empty set

EXPLAIN DELETE T1 FROM T2 T1, T2 T2

Query Plan:
+--------------------------------------------------------------+
| ID | OPERATOR                 | NAME | ROW COUNT | COST      |
+--------------------------------------------------------------+
| 0  | DELETE                   | T1   | 100000    | 1.341e+09 |
| 1  |  DISTINCT                |      | 100000    | 1.341e+09 |
| 2  |   NESTED LOOP Inner JOIN |      | 1.000e+10 | 4.101e+07 |
| 3  |    TABLE SCAN            | T1   | 100000    | 5410      |
| 4  |    TABLE SCAN            | T2   | 100000    | 409       |
+--------------------------------------------------------------+
Outputs & filters:
1 - output([t1.ROWID])
2 - output([t1.ROWID])
3 - output([t1.ROWID])
access([t1.ROWID])

outline:
/*+
USE_NL(@SEL1 t2)
LEADING(@SEL1 t1, t2)
*/

DELETE T1 FROM T2 T1, T2 T2

SELECT * FROM T1

Empty set

EXPLAIN DELETE T1 FROM T1 T1, T2 T2, T2 T3 WHERE T2.C3 = T2.C3

Query Plan:
+---------------------------------------------------------------+
| ID | OPERATOR                  | NAME | ROW COUNT | COST      |
+---------------------------------------------------------------+
| 0  | DELETE                    | T1   | 100000    | 1.341e+11 |
| 1  |  DISTINCT                 |      | 100000    | 1.341e+11 |
| 2  |   NESTED LOOP Inner JOIN  |      | 1.000e+12 | 4.101e+09 |
| 3  |    NESTED LOOP Inner JOIN |      | 1.000e+07 | 554820    |
| 4  |     TABLE SCAN            | T2   | 100       | 8410      |
| 5  |     TABLE SCAN            | T1   | 100000    | 5410      |
| 6  |    TABLE SCAN             | T3   | 100000    | 409       |
+---------------------------------------------------------------+
Outputs & filters:
1 - output([t1.ROWID])
2 - output([t1.ROWID])
3 - output([t1.ROWID])
4 - filters([t2.c3=t2.c3])
access([t2.c3])
5 - output([t1.ROWID])
access([t1.ROWID])

outline:
/*+
USE_NL(@SEL1 t1)
USE_NL(@SEL1 t3)
LEADING(@SEL1 (t2, t1), t3)
*/

DELETE T1 FROM T1 T1, T2 T2, T2 T3 WHERE T2.C3 = T2.C3

SELECT * FROM T1

Empty set

EXPLAIN DELETE T1 FROM T1 T1, T1 T2 WHERE T2.C3 > (T2.C1)

Query Plan:
+--------------------------------------------------------------+
| ID | OPERATOR                 | NAME | ROW COUNT | COST      |
+--------------------------------------------------------------+
| 0  | DELETE                   | T1   | 100000    | 5.523e+08 |
| 1  |  DISTINCT                |      | 100000    | 5.523e+08 |
| 2  |   NESTED LOOP Inner JOIN |      | 3.000e+09 | 1.623e+08 |
| 3  |    TABLE SCAN            | T2   | 30000     | 13410     |
| 4  |    TABLE SCAN            | T1   | 100000    | 5410      |
+--------------------------------------------------------------+
Outputs & filters:
1 - output([t1.ROWID])
2 - output([t1.ROWID])
3 - filters([t2.c3>t2.c1])
access([t2.c3], [t2.c1])
4 - output([t1.ROWID])
access([t1.ROWID])

outline:
/*+
USE_NL(@SEL1 t1)
LEADING(@SEL1 t2, t1)
*/

DELETE T1 FROM T1 T1, T1 T2 WHERE T2.C3 > (T2.C1)

SELECT * FROM T1

Empty set

Bye
