

DROP DATABASE IF EXISTS RANDOM_TEST

CREATE DATABASE RANDOM_TEST

DROP TABLE IF EXISTS T1

CREATE TABLE T1(C1 INT, C2 INT, C3 INT, C4 INT)

SELECT * FROM T1

+------+------+------+------+
| c1   | c2   | c3   | c4   |
+------+------+------+------+
| 6    | 6    | 8    | 3    |
| 3    | 6    | 0    | 0    |
| 9    | 9    | 2    | 7    |
| 8    | 7    | 3    | 5    |
| 6    | 0    | 1    | 3    |
| 2    | 6    | 0    | 2    |
| 8    | 2    | 4    | 5    |
| 5    | 7    | 6    | 4    |
| 7    | 8    | 4    | 7    |
| 8    | 2    | 4    | 3    |
+------+------+------+------+
10 rows in set

EXPLAIN SELECT DISTINCT T1.C3 AS C1 FROM T1 T1    ORDER BY 1 DESC

Query Plan:
+-----------------------------------------------+
| ID | OPERATOR       | NAME | ROW COUNT | COST |
+-----------------------------------------------+
| 0  | SORT           |      | 1         | 4    |
| 1  |  HASH DISTINCT |      | 1         | 4    |
| 2  |   TABLE SCAN   | T1   | 1         | 4    |
+-----------------------------------------------+
Outputs & filters:
0 - output([t1.c3])
sort_keys([t1.c3 DESC])
1 - output([t1.c3])
distinct_exprs([t1.c3])
2 - output([t1.c3])
access([t1.c3])

outline:
/*+
BEGIN_OUTLINE_DATA
END_OUTLINE_DATA
*/

SELECT DISTINCT T1.C3 AS C1 FROM T1 T1    ORDER BY 1 DESC

+------+
| c1   |
+------+
| 8    |
| 6    |
| 4    |
| 3    |
| 2    |
| 1    |
| 0    |
+------+
7 rows in set

EXPLAIN SELECT DISTINCT T1.C3 AS C1 FROM T1 T1    ORDER BY 1 DESC

Query Plan:
+-----------------------------------------------+
| ID | OPERATOR       | NAME | ROW COUNT | COST |
+-----------------------------------------------+
| 0  | SORT           |      | 1         | 4    |
| 1  |  HASH DISTINCT |      | 1         | 4    |
| 2  |   TABLE SCAN   | T1   | 1         | 4    |
+-----------------------------------------------+
Outputs & filters:
0 - output([t1.c3])
sort_keys([t1.c3 DESC])
1 - output([t1.c3])
distinct_exprs([t1.c3])
2 - output([t1.c3])
access([t1.c3])

outline:
/*+
BEGIN_OUTLINE_DATA
END_OUTLINE_DATA
*/

SELECT DISTINCT T1.C3 AS C1 FROM T1 T1    ORDER BY 1 DESC

+------+
| c1   |
+------+
| 8    |
| 6    |
| 4    |
| 3    |
| 2    |
| 1    |
| 0    |
+------+
7 rows in set

EXPLAIN SELECT DISTINCT T1.C2 AS C1 FROM T1 T1    ORDER BY 1 DESC

Query Plan:
+-----------------------------------------------+
| ID | OPERATOR       | NAME | ROW COUNT | COST |
+-----------------------------------------------+
| 0  | SORT           |      | 1         | 4    |
| 1  |  HASH DISTINCT |      | 1         | 4    |
| 2  |   TABLE SCAN   | T1   | 1         | 4    |
+-----------------------------------------------+
Outputs & filters:
0 - output([t1.c2])
sort_keys([t1.c2 DESC])
1 - output([t1.c2])
distinct_exprs([t1.c2])
2 - output([t1.c2])
access([t1.c2])

outline:
/*+
BEGIN_OUTLINE_DATA
END_OUTLINE_DATA
*/

SELECT DISTINCT T1.C2 AS C1 FROM T1 T1    ORDER BY 1 DESC

+------+
| c1   |
+------+
| 9    |
| 8    |
| 7    |
| 6    |
| 2    |
| 0    |
+------+
6 rows in set

EXPLAIN SELECT DISTINCT T1.C3 AS C1 FROM T1 T1    ORDER BY 1 ASC

Query Plan:
+-----------------------------------------------+
| ID | OPERATOR       | NAME | ROW COUNT | COST |
+-----------------------------------------------+
| 0  | SORT           |      | 1         | 4    |
| 1  |  HASH DISTINCT |      | 1         | 4    |
| 2  |   TABLE SCAN   | T1   | 1         | 4    |
+-----------------------------------------------+
Outputs & filters:
0 - output([t1.c3])
sort_keys([t1.c3 ASC])
1 - output([t1.c3])
distinct_exprs([t1.c3])
2 - output([t1.c3])
access([t1.c3])

outline:
/*+
BEGIN_OUTLINE_DATA
END_OUTLINE_DATA
*/

SELECT DISTINCT T1.C3 AS C1 FROM T1 T1    ORDER BY 1 ASC

+------+
| c1   |
+------+
| 0    |
| 1    |
| 2    |
| 3    |
| 4    |
| 6    |
| 8    |
+------+
7 rows in set

EXPLAIN SELECT DISTINCT T1.C3 AS C1 FROM T1 T1    ORDER BY 1 ASC

Query Plan:
+-----------------------------------------------+
| ID | OPERATOR       | NAME | ROW COUNT | COST |
+-----------------------------------------------+
| 0  | SORT           |      | 1         | 4    |
| 1  |  HASH DISTINCT |      | 1         | 4    |
| 2  |   TABLE SCAN   | T1   | 1         | 4    |
+-----------------------------------------------+
Outputs & filters:
0 - output([t1.c3])
sort_keys([t1.c3 ASC])
1 - output([t1.c3])
distinct_exprs([t1.c3])
2 - output([t1.c3])
access([t1.c3])

outline:
/*+
BEGIN_OUTLINE_DATA
END_OUTLINE_DATA
*/

SELECT DISTINCT T1.C3 AS C1 FROM T1 T1    ORDER BY 1 ASC

+------+
| c1   |
+------+
| 0    |
| 1    |
| 2    |
| 3    |
| 4    |
| 6    |
| 8    |
+------+
7 rows in set

EXPLAIN SELECT DISTINCT T1.C2 AS C1 FROM T1 T1    ORDER BY 1 ASC

Query Plan:
+-----------------------------------------------+
| ID | OPERATOR       | NAME | ROW COUNT | COST |
+-----------------------------------------------+
| 0  | SORT           |      | 1         | 4    |
| 1  |  HASH DISTINCT |      | 1         | 4    |
| 2  |   TABLE SCAN   | T1   | 1         | 4    |
+-----------------------------------------------+
Outputs & filters:
0 - output([t1.c2])
sort_keys([t1.c2 ASC])
1 - output([t1.c2])
distinct_exprs([t1.c2])
2 - output([t1.c2])
access([t1.c2])

outline:
/*+
BEGIN_OUTLINE_DATA
END_OUTLINE_DATA
*/

SELECT DISTINCT T1.C2 AS C1 FROM T1 T1    ORDER BY 1 ASC

+------+
| c1   |
+------+
| 0    |
| 2    |
| 6    |
| 7    |
| 8    |
| 9    |
+------+
6 rows in set

EXPLAIN SELECT DISTINCT T1.C2 AS C1 FROM T1 T1    ORDER BY 1 DESC

Query Plan:
+-----------------------------------------------+
| ID | OPERATOR       | NAME | ROW COUNT | COST |
+-----------------------------------------------+
| 0  | SORT           |      | 1         | 4    |
| 1  |  HASH DISTINCT |      | 1         | 4    |
| 2  |   TABLE SCAN   | T1   | 1         | 4    |
+-----------------------------------------------+
Outputs & filters:
0 - output([t1.c2])
sort_keys([t1.c2 DESC])
1 - output([t1.c2])
distinct_exprs([t1.c2])
2 - output([t1.c2])
access([t1.c2])

outline:
/*+
BEGIN_OUTLINE_DATA
END_OUTLINE_DATA
*/

SELECT DISTINCT T1.C2 AS C1 FROM T1 T1    ORDER BY 1 DESC

+------+
| c1   |
+------+
| 9    |
| 8    |
| 7    |
| 6    |
| 2    |
| 0    |
+------+
6 rows in set

EXPLAIN SELECT DISTINCT T1.C1 AS C1 FROM T1 T1    ORDER BY 1 DESC

Query Plan:
+-----------------------------------------------+
| ID | OPERATOR       | NAME | ROW COUNT | COST |
+-----------------------------------------------+
| 0  | SORT           |      | 1         | 4    |
| 1  |  HASH DISTINCT |      | 1         | 4    |
| 2  |   TABLE SCAN   | T1   | 1         | 4    |
+-----------------------------------------------+
Outputs & filters:
0 - output([t1.c1])
sort_keys([t1.c1 DESC])
1 - output([t1.c1])
distinct_exprs([t1.c1])
2 - output([t1.c1])
access([t1.c1])

outline:
/*+
BEGIN_OUTLINE_DATA
END_OUTLINE_DATA
*/

SELECT DISTINCT T1.C1 AS C1 FROM T1 T1    ORDER BY 1 DESC

+------+
| c1   |
+------+
| 9    |
| 8    |
| 7    |
| 6    |
| 5    |
| 3    |
| 2    |
+------+
7 rows in set

EXPLAIN SELECT DISTINCT T1.C1 AS C1 FROM T1 T1    ORDER BY 1 ASC

Query Plan:
+-----------------------------------------------+
| ID | OPERATOR       | NAME | ROW COUNT | COST |
+-----------------------------------------------+
| 0  | SORT           |      | 1         | 4    |
| 1  |  HASH DISTINCT |      | 1         | 4    |
| 2  |   TABLE SCAN   | T1   | 1         | 4    |
+-----------------------------------------------+
Outputs & filters:
0 - output([t1.c1])
sort_keys([t1.c1 ASC])
1 - output([t1.c1])
distinct_exprs([t1.c1])
2 - output([t1.c1])
access([t1.c1])

outline:
/*+
BEGIN_OUTLINE_DATA
END_OUTLINE_DATA
*/

SELECT DISTINCT T1.C1 AS C1 FROM T1 T1    ORDER BY 1 ASC

+------+
| c1   |
+------+
| 2    |
| 3    |
| 5    |
| 6    |
| 7    |
| 8    |
| 9    |
+------+
7 rows in set

EXPLAIN SELECT DISTINCT T1.C2 AS C1 FROM T1 T1    ORDER BY 1 DESC

Query Plan:
+-----------------------------------------------+
| ID | OPERATOR       | NAME | ROW COUNT | COST |
+-----------------------------------------------+
| 0  | SORT           |      | 1         | 4    |
| 1  |  HASH DISTINCT |      | 1         | 4    |
| 2  |   TABLE SCAN   | T1   | 1         | 4    |
+-----------------------------------------------+
Outputs & filters:
0 - output([t1.c2])
sort_keys([t1.c2 DESC])
1 - output([t1.c2])
distinct_exprs([t1.c2])
2 - output([t1.c2])
access([t1.c2])

outline:
/*+
BEGIN_OUTLINE_DATA
END_OUTLINE_DATA
*/

SELECT DISTINCT T1.C2 AS C1 FROM T1 T1    ORDER BY 1 DESC

+------+
| c1   |
+------+
| 9    |
| 8    |
| 7    |
| 6    |
| 2    |
| 0    |
+------+
6 rows in set

EXPLAIN SELECT DISTINCT T1.C2 AS C1 FROM T1 T1    ORDER BY 1 DESC

Query Plan:
+-----------------------------------------------+
| ID | OPERATOR       | NAME | ROW COUNT | COST |
+-----------------------------------------------+
| 0  | SORT           |      | 1         | 4    |
| 1  |  HASH DISTINCT |      | 1         | 4    |
| 2  |   TABLE SCAN   | T1   | 1         | 4    |
+-----------------------------------------------+
Outputs & filters:
0 - output([t1.c2])
sort_keys([t1.c2 DESC])
1 - output([t1.c2])
distinct_exprs([t1.c2])
2 - output([t1.c2])
access([t1.c2])

outline:
/*+
BEGIN_OUTLINE_DATA
END_OUTLINE_DATA
*/

SELECT DISTINCT T1.C2 AS C1 FROM T1 T1    ORDER BY 1 DESC

+------+
| c1   |
+------+
| 9    |
| 8    |
| 7    |
| 6    |
| 2    |
| 0    |
+------+
6 rows in set

EXPLAIN SELECT DISTINCT T1.C2 AS C1 FROM T1 T1    ORDER BY 1 ASC

Query Plan:
+-----------------------------------------------+
| ID | OPERATOR       | NAME | ROW COUNT | COST |
+-----------------------------------------------+
| 0  | SORT           |      | 1         | 4    |
| 1  |  HASH DISTINCT |      | 1         | 4    |
| 2  |   TABLE SCAN   | T1   | 1         | 4    |
+-----------------------------------------------+
Outputs & filters:
0 - output([t1.c2])
sort_keys([t1.c2 ASC])
1 - output([t1.c2])
distinct_exprs([t1.c2])
2 - output([t1.c2])
access([t1.c2])

outline:
/*+
BEGIN_OUTLINE_DATA
END_OUTLINE_DATA
*/

SELECT DISTINCT T1.C2 AS C1 FROM T1 T1    ORDER BY 1 ASC

+------+
| c1   |
+------+
| 0    |
| 2    |
| 6    |
| 7    |
| 8    |
| 9    |
+------+
6 rows in set

EXPLAIN SELECT DISTINCT T1.C1 AS C1 FROM T1 T1    ORDER BY 1 DESC

Query Plan:
+-----------------------------------------------+
| ID | OPERATOR       | NAME | ROW COUNT | COST |
+-----------------------------------------------+
| 0  | SORT           |      | 1         | 4    |
| 1  |  HASH DISTINCT |      | 1         | 4    |
| 2  |   TABLE SCAN   | T1   | 1         | 4    |
+-----------------------------------------------+
Outputs & filters:
0 - output([t1.c1])
sort_keys([t1.c1 DESC])
1 - output([t1.c1])
distinct_exprs([t1.c1])
2 - output([t1.c1])
access([t1.c1])

outline:
/*+
BEGIN_OUTLINE_DATA
END_OUTLINE_DATA
*/

SELECT DISTINCT T1.C1 AS C1 FROM T1 T1    ORDER BY 1 DESC

+------+
| c1   |
+------+
| 9    |
| 8    |
| 7    |
| 6    |
| 5    |
| 3    |
| 2    |
+------+
7 rows in set

EXPLAIN SELECT DISTINCT T1.C1 AS C1 FROM T1 T1    ORDER BY 1 DESC

Query Plan:
+-----------------------------------------------+
| ID | OPERATOR       | NAME | ROW COUNT | COST |
+-----------------------------------------------+
| 0  | SORT           |      | 1         | 4    |
| 1  |  HASH DISTINCT |      | 1         | 4    |
| 2  |   TABLE SCAN   | T1   | 1         | 4    |
+-----------------------------------------------+
Outputs & filters:
0 - output([t1.c1])
sort_keys([t1.c1 DESC])
1 - output([t1.c1])
distinct_exprs([t1.c1])
2 - output([t1.c1])
access([t1.c1])

outline:
/*+
BEGIN_OUTLINE_DATA
END_OUTLINE_DATA
*/

SELECT DISTINCT T1.C1 AS C1 FROM T1 T1    ORDER BY 1 DESC

+------+
| c1   |
+------+
| 9    |
| 8    |
| 7    |
| 6    |
| 5    |
| 3    |
| 2    |
+------+
7 rows in set

EXPLAIN SELECT DISTINCT T1.C3 AS C1 FROM T1 T1    ORDER BY 1 ASC

Query Plan:
+-----------------------------------------------+
| ID | OPERATOR       | NAME | ROW COUNT | COST |
+-----------------------------------------------+
| 0  | SORT           |      | 1         | 4    |
| 1  |  HASH DISTINCT |      | 1         | 4    |
| 2  |   TABLE SCAN   | T1   | 1         | 4    |
+-----------------------------------------------+
Outputs & filters:
0 - output([t1.c3])
sort_keys([t1.c3 ASC])
1 - output([t1.c3])
distinct_exprs([t1.c3])
2 - output([t1.c3])
access([t1.c3])

outline:
/*+
BEGIN_OUTLINE_DATA
END_OUTLINE_DATA
*/

SELECT DISTINCT T1.C3 AS C1 FROM T1 T1    ORDER BY 1 ASC

+------+
| c1   |
+------+
| 0    |
| 1    |
| 2    |
| 3    |
| 4    |
| 6    |
| 8    |
+------+
7 rows in set

EXPLAIN SELECT DISTINCT T1.C2 AS C1 FROM T1 T1    ORDER BY 1 DESC

Query Plan:
+-----------------------------------------------+
| ID | OPERATOR       | NAME | ROW COUNT | COST |
+-----------------------------------------------+
| 0  | SORT           |      | 1         | 4    |
| 1  |  HASH DISTINCT |      | 1         | 4    |
| 2  |   TABLE SCAN   | T1   | 1         | 4    |
+-----------------------------------------------+
Outputs & filters:
0 - output([t1.c2])
sort_keys([t1.c2 DESC])
1 - output([t1.c2])
distinct_exprs([t1.c2])
2 - output([t1.c2])
access([t1.c2])

outline:
/*+
BEGIN_OUTLINE_DATA
END_OUTLINE_DATA
*/

SELECT DISTINCT T1.C2 AS C1 FROM T1 T1    ORDER BY 1 DESC

+------+
| c1   |
+------+
| 9    |
| 8    |
| 7    |
| 6    |
| 2    |
| 0    |
+------+
6 rows in set

EXPLAIN SELECT DISTINCT T1.C2 AS C1 FROM T1 T1    ORDER BY 1 ASC

Query Plan:
+-----------------------------------------------+
| ID | OPERATOR       | NAME | ROW COUNT | COST |
+-----------------------------------------------+
| 0  | SORT           |      | 1         | 4    |
| 1  |  HASH DISTINCT |      | 1         | 4    |
| 2  |   TABLE SCAN   | T1   | 1         | 4    |
+-----------------------------------------------+
Outputs & filters:
0 - output([t1.c2])
sort_keys([t1.c2 ASC])
1 - output([t1.c2])
distinct_exprs([t1.c2])
2 - output([t1.c2])
access([t1.c2])

outline:
/*+
BEGIN_OUTLINE_DATA
END_OUTLINE_DATA
*/

SELECT DISTINCT T1.C2 AS C1 FROM T1 T1    ORDER BY 1 ASC

+------+
| c1   |
+------+
| 0    |
| 2    |
| 6    |
| 7    |
| 8    |
| 9    |
+------+
6 rows in set

EXPLAIN SELECT DISTINCT T1.C2 AS C1 FROM T1 T1    ORDER BY 1 DESC

Query Plan:
+-----------------------------------------------+
| ID | OPERATOR       | NAME | ROW COUNT | COST |
+-----------------------------------------------+
| 0  | SORT           |      | 1         | 4    |
| 1  |  HASH DISTINCT |      | 1         | 4    |
| 2  |   TABLE SCAN   | T1   | 1         | 4    |
+-----------------------------------------------+
Outputs & filters:
0 - output([t1.c2])
sort_keys([t1.c2 DESC])
1 - output([t1.c2])
distinct_exprs([t1.c2])
2 - output([t1.c2])
access([t1.c2])

outline:
/*+
BEGIN_OUTLINE_DATA
END_OUTLINE_DATA
*/

SELECT DISTINCT T1.C2 AS C1 FROM T1 T1    ORDER BY 1 DESC

+------+
| c1   |
+------+
| 9    |
| 8    |
| 7    |
| 6    |
| 2    |
| 0    |
+------+
6 rows in set

EXPLAIN SELECT DISTINCT T1.C3 AS C1 FROM T1 T1    ORDER BY 1 ASC

Query Plan:
+-----------------------------------------------+
| ID | OPERATOR       | NAME | ROW COUNT | COST |
+-----------------------------------------------+
| 0  | SORT           |      | 1         | 4    |
| 1  |  HASH DISTINCT |      | 1         | 4    |
| 2  |   TABLE SCAN   | T1   | 1         | 4    |
+-----------------------------------------------+
Outputs & filters:
0 - output([t1.c3])
sort_keys([t1.c3 ASC])
1 - output([t1.c3])
distinct_exprs([t1.c3])
2 - output([t1.c3])
access([t1.c3])

outline:
/*+
BEGIN_OUTLINE_DATA
END_OUTLINE_DATA
*/

SELECT DISTINCT T1.C3 AS C1 FROM T1 T1    ORDER BY 1 ASC

+------+
| c1   |
+------+
| 0    |
| 1    |
| 2    |
| 3    |
| 4    |
| 6    |
| 8    |
+------+
7 rows in set

EXPLAIN SELECT DISTINCT T1.C4 AS C1 FROM T1 T1    ORDER BY 1 DESC

Query Plan:
+-----------------------------------------------+
| ID | OPERATOR       | NAME | ROW COUNT | COST |
+-----------------------------------------------+
| 0  | SORT           |      | 1         | 4    |
| 1  |  HASH DISTINCT |      | 1         | 4    |
| 2  |   TABLE SCAN   | T1   | 1         | 4    |
+-----------------------------------------------+
Outputs & filters:
0 - output([t1.c4])
sort_keys([t1.c4 DESC])
1 - output([t1.c4])
distinct_exprs([t1.c4])
2 - output([t1.c4])
access([t1.c4])

outline:
/*+
BEGIN_OUTLINE_DATA
END_OUTLINE_DATA
*/

SELECT DISTINCT T1.C4 AS C1 FROM T1 T1    ORDER BY 1 DESC

+------+
| c1   |
+------+
| 7    |
| 5    |
| 4    |
| 3    |
| 2    |
| 0    |
+------+
6 rows in set

Bye
