

DROP DATABASE IF EXISTS RANDOM_TEST

CREATE DATABASE RANDOM_TEST

DROP TABLE IF EXISTS T1

CREATE TABLE T1(C1 INT, C2 INT, C3 INT, C4 INT)

SELECT * FROM T1

+------+------+------+------+
| c1   | c2   | c3   | c4   |
+------+------+------+------+
| 4    | 0    | 6    | 3    |
| 3    | 7    | 9    | 0    |
| 8    | 8    | 5    | 3    |
| 7    | 0    | 0    | 5    |
| 0    | 3    | 5    | 6    |
| 7    | 2    | 7    | 0    |
| 6    | 1    | 8    | 4    |
| 2    | 5    | 3    | 9    |
| 5    | 9    | 4    | 9    |
| 6    | 5    | 1    | 4    |
+------+------+------+------+
10 rows in set

EXPLAIN SELECT  T1.C3 AS C1, T1.C1 AS C2, T1.C1 AS C3, T1.C3 AS C4 FROM T1 T1

Query Plan:
+-------------------------------------------+
| ID | OPERATOR   | NAME | ROW COUNT | COST |
+-------------------------------------------+
| 0  | TABLE SCAN | T1   | 1         | 4    |
+-------------------------------------------+
Outputs & filters:
0 - output([t1.c3], [t1.c1], [t1.c1], [t1.c3])
access([t1.c1], [t1.c3])
access([t1.c1], [t1.c3])

outline:
/*+
BEGIN_OUTLINE_DATA
END_OUTLINE_DATA
*/

SELECT  T1.C3 AS C1, T1.C1 AS C2, T1.C1 AS C3, T1.C3 AS C4 FROM T1 T1

+------+------+------+------+
| c1   | c2   | c3   | c4   |
+------+------+------+------+
| 6    | 4    | 4    | 6    |
| 9    | 3    | 3    | 9    |
| 5    | 8    | 8    | 5    |
| 0    | 7    | 7    | 0    |
| 5    | 0    | 0    | 5    |
| 7    | 7    | 7    | 7    |
| 8    | 6    | 6    | 8    |
| 3    | 2    | 2    | 3    |
| 4    | 5    | 5    | 4    |
| 1    | 6    | 6    | 1    |
+------+------+------+------+
10 rows in set

EXPLAIN SELECT  T1.C2 AS C1, T1.C4 AS C2, T1.C1 AS C3, T1.C1 AS C4 FROM T1 T1 WHERE (T1.C1 = T1.C1 OR T1.C4 > T1.C3)

Query Plan:
+-------------------------------------------+
| ID | OPERATOR   | NAME | ROW COUNT | COST |
+-------------------------------------------+
| 0  | TABLE SCAN | T1   | 1         | 4    |
+-------------------------------------------+
Outputs & filters:
0 - output([t1.c2], [t1.c4], [t1.c1], [t1.c1])
filters([t1.c1 = t1.c1 OR t1.c4 > t1.c3])
access([t1.c1], [t1.c2], [t1.c3], [t1.c4])
access([t1.c1], [t1.c2], [t1.c3], [t1.c4])

outline:
/*+
BEGIN_OUTLINE_DATA
END_OUTLINE_DATA
*/

SELECT  T1.C2 AS C1, T1.C4 AS C2, T1.C1 AS C3, T1.C1 AS C4 FROM T1 T1 WHERE (T1.C1 = T1.C1 OR T1.C4 > T1.C3)

+------+------+------+------+
| c1   | c2   | c3   | c4   |
+------+------+------+------+
| 0    | 3    | 4    | 4    |
| 7    | 0    | 3    | 3    |
| 8    | 3    | 8    | 8    |
| 0    | 5    | 7    | 7    |
| 3    | 6    | 0    | 0    |
| 2    | 0    | 7    | 7    |
| 1    | 4    | 6    | 6    |
| 5    | 9    | 2    | 2    |
| 9    | 9    | 5    | 5    |
| 5    | 4    | 6    | 6    |
+------+------+------+------+
10 rows in set

EXPLAIN SELECT  T1.C3 AS C1, T1.C1 AS C2, T1.C3 AS C3, T1.C4 AS C4 FROM T1 T1 WHERE T1.C1 BETWEEN T1.C1 AND T1.C3

Query Plan:
+-------------------------------------------+
| ID | OPERATOR   | NAME | ROW COUNT | COST |
+-------------------------------------------+
| 0  | TABLE SCAN | T1   | 1         | 4    |
+-------------------------------------------+
Outputs & filters:
0 - output([t1.c3], [t1.c1], [t1.c3], [t1.c4])
filters([t1.c1 BETWEEN t1.c1 AND t1.c3])
access([t1.c1], [t1.c3], [t1.c4])
access([t1.c1], [t1.c3], [t1.c4])

outline:
/*+
BEGIN_OUTLINE_DATA
END_OUTLINE_DATA
*/

SELECT  T1.C3 AS C1, T1.C1 AS C2, T1.C3 AS C3, T1.C4 AS C4 FROM T1 T1 WHERE T1.C1 BETWEEN T1.C1 AND T1.C3

+------+------+------+------+
| c1   | c2   | c3   | c4   |
+------+------+------+------+
| 6    | 4    | 6    | 3    |
| 9    | 3    | 9    | 0    |
| 5    | 0    | 5    | 6    |
| 7    | 7    | 7    | 0    |
| 8    | 6    | 8    | 4    |
| 3    | 2    | 3    | 9    |
+------+------+------+------+
6 rows in set

EXPLAIN SELECT  T1.C1 AS C1, T1.C1 AS C2, T1.C1 AS C3, T1.C1 AS C4 FROM T1 T1 WHERE T1.C1 BETWEEN T1.C1 AND T1.C3

Query Plan:
+-------------------------------------------+
| ID | OPERATOR   | NAME | ROW COUNT | COST |
+-------------------------------------------+
| 0  | TABLE SCAN | T1   | 1         | 4    |
+-------------------------------------------+
Outputs & filters:
0 - output([t1.c1], [t1.c1], [t1.c1], [t1.c1])
filters([t1.c1 BETWEEN t1.c1 AND t1.c3])
access([t1.c1], [t1.c3])
access([t1.c1], [t1.c3])

outline:
/*+
BEGIN_OUTLINE_DATA
END_OUTLINE_DATA
*/

SELECT  T1.C1 AS C1, T1.C1 AS C2, T1.C1 AS C3, T1.C1 AS C4 FROM T1 T1 WHERE T1.C1 BETWEEN T1.C1 AND T1.C3

+------+------+------+------+
| c1   | c2   | c3   | c4   |
+------+------+------+------+
| 4    | 4    | 4    | 4    |
| 3    | 3    | 3    | 3    |
| 0    | 0    | 0    | 0    |
| 7    | 7    | 7    | 7    |
| 6    | 6    | 6    | 6    |
| 2    | 2    | 2    | 2    |
+------+------+------+------+
6 rows in set

EXPLAIN SELECT  T1.C4 AS C1, T1.C4 AS C2, T1.C4 AS C3, T1.C2 AS C4 FROM T1 T1 WHERE T1.C1 BETWEEN T1.C1 AND T1.C3

Query Plan:
+-------------------------------------------+
| ID | OPERATOR   | NAME | ROW COUNT | COST |
+-------------------------------------------+
| 0  | TABLE SCAN | T1   | 1         | 4    |
+-------------------------------------------+
Outputs & filters:
0 - output([t1.c4], [t1.c4], [t1.c4], [t1.c2])
filters([t1.c1 BETWEEN t1.c1 AND t1.c3])
access([t1.c1], [t1.c2], [t1.c3], [t1.c4])
access([t1.c1], [t1.c2], [t1.c3], [t1.c4])

outline:
/*+
BEGIN_OUTLINE_DATA
END_OUTLINE_DATA
*/

SELECT  T1.C4 AS C1, T1.C4 AS C2, T1.C4 AS C3, T1.C2 AS C4 FROM T1 T1 WHERE T1.C1 BETWEEN T1.C1 AND T1.C3

+------+------+------+------+
| c1   | c2   | c3   | c4   |
+------+------+------+------+
| 3    | 3    | 3    | 0    |
| 0    | 0    | 0    | 7    |
| 6    | 6    | 6    | 3    |
| 0    | 0    | 0    | 2    |
| 4    | 4    | 4    | 1    |
| 9    | 9    | 9    | 5    |
+------+------+------+------+
6 rows in set

EXPLAIN SELECT  T1.C4 AS C1, T1.C1 AS C2, T1.C3 AS C3, T1.C4 AS C4 FROM T1 T1 WHERE T1.C4 IS NULL

Query Plan:
+-------------------------------------------+
| ID | OPERATOR   | NAME | ROW COUNT | COST |
+-------------------------------------------+
| 0  | TABLE SCAN | T1   | 1         | 4    |
+-------------------------------------------+
Outputs & filters:
0 - output([t1.c4], [t1.c1], [t1.c3], [t1.c4])
filters([t1.c4 IS NULL])
access([t1.c1], [t1.c3], [t1.c4])
access([t1.c1], [t1.c3], [t1.c4])

outline:
/*+
BEGIN_OUTLINE_DATA
END_OUTLINE_DATA
*/

SELECT  T1.C4 AS C1, T1.C1 AS C2, T1.C3 AS C3, T1.C4 AS C4 FROM T1 T1 WHERE T1.C4 IS NULL

Empty set

EXPLAIN SELECT  T1.C1 AS C1, T1.C1 AS C2, T1.C2 AS C3, T1.C4 AS C4 FROM T1 T1 WHERE T1.C3 IS NOT NULL

Query Plan:
+-------------------------------------------+
| ID | OPERATOR   | NAME | ROW COUNT | COST |
+-------------------------------------------+
| 0  | TABLE SCAN | T1   | 1         | 4    |
+-------------------------------------------+
Outputs & filters:
0 - output([t1.c1], [t1.c1], [t1.c2], [t1.c4])
filters([t1.c3 IS NOT NULL])
access([t1.c1], [t1.c2], [t1.c3], [t1.c4])
access([t1.c1], [t1.c2], [t1.c3], [t1.c4])

outline:
/*+
BEGIN_OUTLINE_DATA
END_OUTLINE_DATA
*/

SELECT  T1.C1 AS C1, T1.C1 AS C2, T1.C2 AS C3, T1.C4 AS C4 FROM T1 T1 WHERE T1.C3 IS NOT NULL

+------+------+------+------+
| c1   | c2   | c3   | c4   |
+------+------+------+------+
| 4    | 4    | 0    | 3    |
| 3    | 3    | 7    | 0    |
| 8    | 8    | 8    | 3    |
| 7    | 7    | 0    | 5    |
| 0    | 0    | 3    | 6    |
| 7    | 7    | 2    | 0    |
| 6    | 6    | 1    | 4    |
| 2    | 2    | 5    | 9    |
| 5    | 5    | 9    | 9    |
| 6    | 6    | 5    | 4    |
+------+------+------+------+
10 rows in set

EXPLAIN SELECT  T1.C3 AS C1, T1.C4 AS C2, T1.C1 AS C3, T1.C1 AS C4 FROM T1 T1 WHERE T1.C3 IS NOT NULL

Query Plan:
+-------------------------------------------+
| ID | OPERATOR   | NAME | ROW COUNT | COST |
+-------------------------------------------+
| 0  | TABLE SCAN | T1   | 1         | 4    |
+-------------------------------------------+
Outputs & filters:
0 - output([t1.c3], [t1.c4], [t1.c1], [t1.c1])
filters([t1.c3 IS NOT NULL])
access([t1.c1], [t1.c3], [t1.c4])
access([t1.c1], [t1.c3], [t1.c4])

outline:
/*+
BEGIN_OUTLINE_DATA
END_OUTLINE_DATA
*/

SELECT  T1.C3 AS C1, T1.C4 AS C2, T1.C1 AS C3, T1.C1 AS C4 FROM T1 T1 WHERE T1.C3 IS NOT NULL

+------+------+------+------+
| c1   | c2   | c3   | c4   |
+------+------+------+------+
| 6    | 3    | 4    | 4    |
| 9    | 0    | 3    | 3    |
| 5    | 3    | 8    | 8    |
| 0    | 5    | 7    | 7    |
| 5    | 6    | 0    | 0    |
| 7    | 0    | 7    | 7    |
| 8    | 4    | 6    | 6    |
| 3    | 9    | 2    | 2    |
| 4    | 9    | 5    | 5    |
| 1    | 4    | 6    | 6    |
+------+------+------+------+
10 rows in set

EXPLAIN SELECT  T1.C4 AS C1, T1.C3 AS C2, T1.C1 AS C3, T1.C1 AS C4 FROM T1 T1 WHERE T1.C4 != T1.C1

Query Plan:
+-------------------------------------------+
| ID | OPERATOR   | NAME | ROW COUNT | COST |
+-------------------------------------------+
| 0  | TABLE SCAN | T1   | 1         | 4    |
+-------------------------------------------+
Outputs & filters:
0 - output([t1.c4], [t1.c3], [t1.c1], [t1.c1])
filters([t1.c4 != t1.c1])
access([t1.c1], [t1.c3], [t1.c4])
access([t1.c1], [t1.c3], [t1.c4])

outline:
/*+
BEGIN_OUTLINE_DATA
END_OUTLINE_DATA
*/

SELECT  T1.C4 AS C1, T1.C3 AS C2, T1.C1 AS C3, T1.C1 AS C4 FROM T1 T1 WHERE T1.C4 != T1.C1

+------+------+------+------+
| c1   | c2   | c3   | c4   |
+------+------+------+------+
| 3    | 6    | 4    | 4    |
| 0    | 9    | 3    | 3    |
| 3    | 5    | 8    | 8    |
| 5    | 0    | 7    | 7    |
| 6    | 5    | 0    | 0    |
| 0    | 7    | 7    | 7    |
| 4    | 8    | 6    | 6    |
| 9    | 3    | 2    | 2    |
| 9    | 4    | 5    | 5    |
| 4    | 1    | 6    | 6    |
+------+------+------+------+
10 rows in set

EXPLAIN SELECT  T1.C4 AS C1, T1.C2 AS C2, T1.C3 AS C3, T1.C1 AS C4 FROM T1 T1 WHERE T1.C4 != T1.C1

Query Plan:
+-------------------------------------------+
| ID | OPERATOR   | NAME | ROW COUNT | COST |
+-------------------------------------------+
| 0  | TABLE SCAN | T1   | 1         | 4    |
+-------------------------------------------+
Outputs & filters:
0 - output([t1.c4], [t1.c2], [t1.c3], [t1.c1])
filters([t1.c4 != t1.c1])
access([t1.c1], [t1.c2], [t1.c3], [t1.c4])
access([t1.c1], [t1.c2], [t1.c3], [t1.c4])

outline:
/*+
BEGIN_OUTLINE_DATA
END_OUTLINE_DATA
*/

SELECT  T1.C4 AS C1, T1.C2 AS C2, T1.C3 AS C3, T1.C1 AS C4 FROM T1 T1 WHERE T1.C4 != T1.C1

+------+------+------+------+
| c1   | c2   | c3   | c4   |
+------+------+------+------+
| 3    | 0    | 6    | 4    |
| 0    | 7    | 9    | 3    |
| 3    | 8    | 5    | 8    |
| 5    | 0    | 0    | 7    |
| 6    | 3    | 5    | 0    |
| 0    | 2    | 7    | 7    |
| 4    | 1    | 8    | 6    |
| 9    | 5    | 3    | 2    |
| 9    | 9    | 4    | 5    |
| 4    | 5    | 1    | 6    |
+------+------+------+------+
10 rows in set

EXPLAIN SELECT  T1.C3 AS C1, T1.C2 AS C2, T1.C3 AS C3, T1.C4 AS C4 FROM T1 T1 WHERE (T1.C1 = T1.C4 AND T1.C4 <= T1.C2 OR T1.C4 IS NULL OR T1.C3 <= T1.C4)

Query Plan:
+-------------------------------------------+
| ID | OPERATOR   | NAME | ROW COUNT | COST |
+-------------------------------------------+
| 0  | TABLE SCAN | T1   | 1         | 4    |
+-------------------------------------------+
Outputs & filters:
0 - output([t1.c3], [t1.c2], [t1.c3], [t1.c4])
filters([t1.c1 = t1.c4 AND t1.c4 <= t1.c2 OR t1.c4 IS NULL OR t1.c3 <= t1.c4])
access([t1.c1], [t1.c2], [t1.c3], [t1.c4])
access([t1.c1], [t1.c2], [t1.c3], [t1.c4])

outline:
/*+
BEGIN_OUTLINE_DATA
END_OUTLINE_DATA
*/

SELECT  T1.C3 AS C1, T1.C2 AS C2, T1.C3 AS C3, T1.C4 AS C4 FROM T1 T1 WHERE (T1.C1 = T1.C4 AND T1.C4 <= T1.C2 OR T1.C4 IS NULL OR T1.C3 <= T1.C4)

+------+------+------+------+
| c1   | c2   | c3   | c4   |
+------+------+------+------+
| 0    | 0    | 0    | 5    |
| 5    | 3    | 5    | 6    |
| 3    | 5    | 3    | 9    |
| 4    | 9    | 4    | 9    |
| 1    | 5    | 1    | 4    |
+------+------+------+------+
5 rows in set

EXPLAIN SELECT  T1.C4 AS C1, T1.C3 AS C2, T1.C2 AS C3, T1.C4 AS C4 FROM T1 T1 WHERE T1.C3 >= T1.C3

Query Plan:
+-------------------------------------------+
| ID | OPERATOR   | NAME | ROW COUNT | COST |
+-------------------------------------------+
| 0  | TABLE SCAN | T1   | 1         | 4    |
+-------------------------------------------+
Outputs & filters:
0 - output([t1.c4], [t1.c3], [t1.c2], [t1.c4])
filters([t1.c3 >= t1.c3])
access([t1.c2], [t1.c3], [t1.c4])
access([t1.c2], [t1.c3], [t1.c4])

outline:
/*+
BEGIN_OUTLINE_DATA
END_OUTLINE_DATA
*/

SELECT  T1.C4 AS C1, T1.C3 AS C2, T1.C2 AS C3, T1.C4 AS C4 FROM T1 T1 WHERE T1.C3 >= T1.C3

+------+------+------+------+
| c1   | c2   | c3   | c4   |
+------+------+------+------+
| 3    | 6    | 0    | 3    |
| 0    | 9    | 7    | 0    |
| 3    | 5    | 8    | 3    |
| 5    | 0    | 0    | 5    |
| 6    | 5    | 3    | 6    |
| 0    | 7    | 2    | 0    |
| 4    | 8    | 1    | 4    |
| 9    | 3    | 5    | 9    |
| 9    | 4    | 9    | 9    |
| 4    | 1    | 5    | 4    |
+------+------+------+------+
10 rows in set

EXPLAIN SELECT  T1.C1 AS C1, T1.C1 AS C2, T1.C2 AS C3, T1.C4 AS C4 FROM T1 T1 WHERE T1.C3 >= T1.C3

Query Plan:
+-------------------------------------------+
| ID | OPERATOR   | NAME | ROW COUNT | COST |
+-------------------------------------------+
| 0  | TABLE SCAN | T1   | 1         | 4    |
+-------------------------------------------+
Outputs & filters:
0 - output([t1.c1], [t1.c1], [t1.c2], [t1.c4])
filters([t1.c3 >= t1.c3])
access([t1.c1], [t1.c2], [t1.c3], [t1.c4])
access([t1.c1], [t1.c2], [t1.c3], [t1.c4])

outline:
/*+
BEGIN_OUTLINE_DATA
END_OUTLINE_DATA
*/

SELECT  T1.C1 AS C1, T1.C1 AS C2, T1.C2 AS C3, T1.C4 AS C4 FROM T1 T1 WHERE T1.C3 >= T1.C3

+------+------+------+------+
| c1   | c2   | c3   | c4   |
+------+------+------+------+
| 4    | 4    | 0    | 3    |
| 3    | 3    | 7    | 0    |
| 8    | 8    | 8    | 3    |
| 7    | 7    | 0    | 5    |
| 0    | 0    | 3    | 6    |
| 7    | 7    | 2    | 0    |
| 6    | 6    | 1    | 4    |
| 2    | 2    | 5    | 9    |
| 5    | 5    | 9    | 9    |
| 6    | 6    | 5    | 4    |
+------+------+------+------+
10 rows in set

EXPLAIN SELECT  T1.C4 AS C1, T1.C2 AS C2, T1.C4 AS C3, T1.C4 AS C4 FROM T1 T1 WHERE T1.C3 >= T1.C3

Query Plan:
+-------------------------------------------+
| ID | OPERATOR   | NAME | ROW COUNT | COST |
+-------------------------------------------+
| 0  | TABLE SCAN | T1   | 1         | 4    |
+-------------------------------------------+
Outputs & filters:
0 - output([t1.c4], [t1.c2], [t1.c4], [t1.c4])
filters([t1.c3 >= t1.c3])
access([t1.c2], [t1.c3], [t1.c4])
access([t1.c2], [t1.c3], [t1.c4])

outline:
/*+
BEGIN_OUTLINE_DATA
END_OUTLINE_DATA
*/

SELECT  T1.C4 AS C1, T1.C2 AS C2, T1.C4 AS C3, T1.C4 AS C4 FROM T1 T1 WHERE T1.C3 >= T1.C3

+------+------+------+------+
| c1   | c2   | c3   | c4   |
+------+------+------+------+
| 3    | 0    | 3    | 3    |
| 0    | 7    | 0    | 0    |
| 3    | 8    | 3    | 3    |
| 5    | 0    | 5    | 5    |
| 6    | 3    | 6    | 6    |
| 0    | 2    | 0    | 0    |
| 4    | 1    | 4    | 4    |
| 9    | 5    | 9    | 9    |
| 9    | 9    | 9    | 9    |
| 4    | 5    | 4    | 4    |
+------+------+------+------+
10 rows in set

EXPLAIN SELECT  T1.C3 AS C1, T1.C2 AS C2, T1.C4 AS C3, T1.C2 AS C4 FROM T1 T1 WHERE TO_CHAR(T1.C4) LIKE TO_CHAR(T1.C3)

Query Plan:
+-------------------------------------------+
| ID | OPERATOR   | NAME | ROW COUNT | COST |
+-------------------------------------------+
| 0  | TABLE SCAN | T1   | 1         | 4    |
+-------------------------------------------+
Outputs & filters:
0 - output([t1.c3], [t1.c2], [t1.c4], [t1.c2])
filters([TO_CHAR(t1.c4) LIKE TO_CHAR(t1.c3)])
access([t1.c2], [t1.c3], [t1.c4])
access([t1.c2], [t1.c3], [t1.c4])

outline:
/*+
BEGIN_OUTLINE_DATA
END_OUTLINE_DATA
*/

SELECT  T1.C3 AS C1, T1.C2 AS C2, T1.C4 AS C3, T1.C2 AS C4 FROM T1 T1 WHERE TO_CHAR(T1.C4) LIKE TO_CHAR(T1.C3)

Empty set

Bye
