

DROP DATABASE IF EXISTS RANDOM_TEST

CREATE DATABASE RANDOM_TEST

DROP TABLE IF EXISTS T1

CREATE TABLE T1(C1 NUMERIC, C2 NUMERIC, C3 NUMERIC, C4 NUMERIC)

SELECT * FROM T1

+------+------+------+------+
| c1   | c2   | c3   | c4   |
+------+------+------+------+
| 6    | 3    | 1    | 7    |
| 9    | 4    | 0    | 4    |
| 4    | 3    | 3    | 8    |
| 4    | 3    | 7    | 4    |
| 7    | 6    | 8    | 0    |
| 3    | 8    | 4    | 6    |
| 6    | 8    | 6    | 6    |
| 9    | 9    | 2    | 0    |
| 3    | 9    | 0    | 7    |
| 2    | 4    | 1    | 2    |
+------+------+------+------+
10 rows in set

EXPLAIN SELECT  (T1.C2 - ((T1.C2 / 6) - 51) / T1.C4 * 46 / T1.C3) AS C1, T1.C2 AS C2, T1.C4 AS C3, T1.C3 AS C4 FROM T1 T1    ORDER BY 1 DESC ,2 ASC ,3 DESC ,4 ASC

Query Plan:
+----------------------------------------------+
| ID | OPERATOR    | NAME | ROW COUNT | COST   |
+----------------------------------------------+
| 0  | SORT        |      | 100000    | 153565 |
| 1  |  TABLE SCAN | T1   | 100000    | 15410  |
+----------------------------------------------+
Outputs & filters:
0 - output([t1.c2-t1.c2/6-51/t1.c4*46/t1.c3], [t1.c2], [t1.c4], [t1.c3])
sort_keys([t1.c2-t1.c2/6-51/t1.c4*46/t1.c3 DESC], [t1.c2 ASC], [t1.c4 DESC], [t1.c3 ASC])
1 - output([t1.c2-t1.c2/6-51/t1.c4*46/t1.c3], [t1.c2], [t1.c4], [t1.c3])
access([t1.c2], [t1.c4], [t1.c3])

outline:
/*+
LEADING(@SEL1 t1)
*/

SELECT  (T1.C2 - ((T1.C2 / 6) - 51) / T1.C4 * 46 / T1.C3) AS C1, T1.C2 AS C2, T1.C4 AS C3, T1.C3 AS C4 FROM T1 T1    ORDER BY 1 DESC ,2 ASC ,3 DESC ,4 ASC

+-----------------------+------+------+------+
| c1                    | c2   | c3   | c4   |
+-----------------------+------+------+------+
| 1154                  | 4    | 2    | 1    |
| 325                   | 3    | 7    | 1    |
| 100                   | 8    | 6    | 4    |
| 95                    | 3    | 8    | 3    |
| operation not support | 6    | 0    | 8    |
| 81                    | 3    | 4    | 7    |
| 69                    | 8    | 6    | 6    |
| operation not support | 9    | 0    | 2    |
| operation not support | 9    | 7    | 0    |
| operation not support | 4    | 4    | 0    |
+-----------------------+------+------+------+
10 rows in set

EXPLAIN SELECT  T1.C3 AS C1, 68 AS C2, T1.C2 AS C3, T1.C1 AS C4 FROM T1 T1    ORDER BY 1 ASC ,2 ASC ,3 DESC ,4 ASC  LIMIT 2

Query Plan:
+----------------------------------------------+
| ID | OPERATOR    | NAME | ROW COUNT | COST   |
+----------------------------------------------+
| 0  | TOP_N SORT  |      | 2         | 153565 |
| 1  |  TABLE SCAN | T1   | 100000    | 15410  |
+----------------------------------------------+
Outputs & filters:
0 - output([t1.c3], [68], [t1.c2], [t1.c1])
sort_keys([t1.c3 ASC], [68 ASC], [t1.c2 DESC], [t1.c1 ASC])
top_n([2])
1 - output([t1.c3], [t1.c2], [t1.c1])
access([t1.c3], [t1.c2], [t1.c1])

outline:
/*+
LEADING(@SEL1 t1)
*/

SELECT  T1.C3 AS C1, 68 AS C2, T1.C2 AS C3, T1.C1 AS C4 FROM T1 T1    ORDER BY 1 ASC ,2 ASC ,3 DESC ,4 ASC  LIMIT 2

+------+------+------+------+
| c1   | c2   | c3   | c4   |
+------+------+------+------+
| 0    | 68   | 9    | 3    |
| 1    | 68   | 3    | 6    |
+------+------+------+------+
2 rows in set

EXPLAIN SELECT  T1.C2 AS C1, T1.C1 AS C2, T1.C4 AS C3, T1.C2 AS C4 FROM T1 T1    ORDER BY 1 DESC ,2 ASC ,3 ASC ,4 ASC  LIMIT 5

Query Plan:
+----------------------------------------------+
| ID | OPERATOR    | NAME | ROW COUNT | COST   |
+----------------------------------------------+
| 0  | TOP_N SORT  |      | 5         | 153565 |
| 1  |  TABLE SCAN | T1   | 100000    | 15410  |
+----------------------------------------------+
Outputs & filters:
0 - output([t1.c2], [t1.c1], [t1.c4], [t1.c2])
sort_keys([t1.c2 DESC], [t1.c1 ASC], [t1.c4 ASC], [t1.c2 ASC])
top_n([5])
1 - output([t1.c2], [t1.c1], [t1.c4])
access([t1.c2], [t1.c1], [t1.c4])

outline:
/*+
LEADING(@SEL1 t1)
*/

SELECT  T1.C2 AS C1, T1.C1 AS C2, T1.C4 AS C3, T1.C2 AS C4 FROM T1 T1    ORDER BY 1 DESC ,2 ASC ,3 ASC ,4 ASC  LIMIT 5

+------+------+------+------+
| c1   | c2   | c3   | c4   |
+------+------+------+------+
| 9    | 3    | 7    | 9    |
| 4    | 9    | 4    | 4    |
| 3    | 4    | 4    | 3    |
| 3    | 4    | 8    | 3    |
| 3    | 6    | 7    | 3    |
+------+------+------+------+
5 rows in set

EXPLAIN SELECT  T1.C1 AS C1, 95 AS C2, 85 AS C3, T1.C4 AS C4 FROM T1 T1    ORDER BY 1 ASC ,2 ASC ,3 ASC ,4 ASC  LIMIT 5

Query Plan:
+----------------------------------------------+
| ID | OPERATOR    | NAME | ROW COUNT | COST   |
+----------------------------------------------+
| 0  | TOP_N SORT  |      | 5         | 148565 |
| 1  |  TABLE SCAN | T1   | 100000    | 10410  |
+----------------------------------------------+
Outputs & filters:
0 - output([t1.c1], [95], [85], [t1.c4])
sort_keys([t1.c1 ASC], [95 ASC], [85 ASC], [t1.c4 ASC])
top_n([5])
1 - output([t1.c1], [t1.c4])
access([t1.c1], [t1.c4])

outline:
/*+
LEADING(@SEL1 t1)
*/

SELECT  T1.C1 AS C1, 95 AS C2, 85 AS C3, T1.C4 AS C4 FROM T1 T1    ORDER BY 1 ASC ,2 ASC ,3 ASC ,4 ASC  LIMIT 5

+------+------+------+------+
| c1   | c2   | c3   | c4   |
+------+------+------+------+
| 2    | 95   | 85   | 2    |
| 4    | 95   | 85   | 8    |
| 6    | 95   | 85   | 7    |
| 7    | 95   | 85   | 0    |
| 9    | 95   | 85   | 4    |
+------+------+------+------+
5 rows in set

EXPLAIN SELECT  T1.C2 AS C1, T1.C1 AS C2, T1.C2 AS C3, T1.C1 AS C4 FROM T1 T1    ORDER BY 1 DESC ,2 DESC ,3 ASC ,4 ASC  LIMIT 5

Query Plan:
+----------------------------------------------+
| ID | OPERATOR    | NAME | ROW COUNT | COST   |
+----------------------------------------------+
| 0  | TOP_N SORT  |      | 5         | 148565 |
| 1  |  TABLE SCAN | T1   | 100000    | 10410  |
+----------------------------------------------+
Outputs & filters:
0 - output([t1.c2], [t1.c1], [t1.c2], [t1.c1])
sort_keys([t1.c2 DESC], [t1.c1 DESC], [t1.c2 ASC], [t1.c1 ASC])
top_n([5])
1 - output([t1.c2], [t1.c1])
access([t1.c2], [t1.c1])

outline:
/*+
LEADING(@SEL1 t1)
*/

SELECT  T1.C2 AS C1, T1.C1 AS C2, T1.C2 AS C3, T1.C1 AS C4 FROM T1 T1    ORDER BY 1 DESC ,2 DESC ,3 ASC ,4 ASC  LIMIT 5

+------+------+------+------+
| c1   | c2   | c3   | c4   |
+------+------+------+------+
| 9    | 9    | 9    | 9    |
| 4    | 9    | 4    | 9    |
| 3    | 6    | 3    | 6    |
| 3    | 4    | 3    | 4    |
| 3    | 4    | 3    | 4    |
+------+------+------+------+
5 rows in set

EXPLAIN SELECT  T1.C3 AS C1, T1.C1 AS C2, T1.C1 AS C3, T1.C4 AS C4 FROM T1 T1    ORDER BY 1 DESC ,2 DESC ,3 ASC ,4 DESC  LIMIT 6

Query Plan:
+----------------------------------------------+
| ID | OPERATOR    | NAME | ROW COUNT | COST   |
+----------------------------------------------+
| 0  | TOP_N SORT  |      | 6         | 153565 |
| 1  |  TABLE SCAN | T1   | 100000    | 15410  |
+----------------------------------------------+
Outputs & filters:
0 - output([t1.c3], [t1.c1], [t1.c1], [t1.c4])
sort_keys([t1.c3 DESC], [t1.c1 DESC], [t1.c1 ASC], [t1.c4 DESC])
top_n([6])
1 - output([t1.c3], [t1.c1], [t1.c4])
access([t1.c3], [t1.c1], [t1.c4])

outline:
/*+
LEADING(@SEL1 t1)
*/

SELECT  T1.C3 AS C1, T1.C1 AS C2, T1.C1 AS C3, T1.C4 AS C4 FROM T1 T1    ORDER BY 1 DESC ,2 DESC ,3 ASC ,4 DESC  LIMIT 6

+------+------+------+------+
| c1   | c2   | c3   | c4   |
+------+------+------+------+
| 8    | 7    | 7    | 0    |
| 7    | 4    | 4    | 4    |
| 4    | 3    | 3    | 6    |
| 3    | 4    | 4    | 8    |
| 1    | 6    | 6    | 7    |
| 0    | 9    | 9    | 4    |
+------+------+------+------+
6 rows in set

EXPLAIN SELECT  T1.C3 AS C1, T1.C4 AS C2, T1.C4 AS C3, T1.C4 AS C4 FROM T1 T1    ORDER BY 1 DESC ,2 DESC ,3 DESC ,4 DESC  LIMIT 0, 0

Query Plan:
+---------------------------------------------+
| ID | OPERATOR    | NAME | ROW COUNT | COST  |
+---------------------------------------------+
| 0  | LIMIT       |      | 0         | 10410 |
| 1  |  TABLE SCAN | T1   | 100000    | 10410 |
+---------------------------------------------+
Outputs & filters:
0 - output([t1.c3], [t1.c4], [t1.c4], [t1.c4])
1 - output([t1.c3], [t1.c4])
access([t1.c3], [t1.c4])

outline:
/*+
LEADING(@SEL1 t1)
*/

SELECT  T1.C3 AS C1, T1.C4 AS C2, T1.C4 AS C3, T1.C4 AS C4 FROM T1 T1    ORDER BY 1 DESC ,2 DESC ,3 DESC ,4 DESC  LIMIT 0, 0

Empty set

EXPLAIN SELECT  T1.C1 AS C1, T1.C1 AS C2, 7 AS C3, T1.C2 AS C4 FROM T1 T1    ORDER BY 1 DESC ,2 DESC ,3 DESC ,4 ASC  LIMIT 0, 0

Query Plan:
+---------------------------------------------+
| ID | OPERATOR    | NAME | ROW COUNT | COST  |
+---------------------------------------------+
| 0  | LIMIT       |      | 0         | 10410 |
| 1  |  TABLE SCAN | T1   | 100000    | 10410 |
+---------------------------------------------+
Outputs & filters:
0 - output([t1.c1], [t1.c1], [7], [t1.c2])
1 - output([t1.c1], [t1.c2])
access([t1.c1], [t1.c2])

outline:
/*+
LEADING(@SEL1 t1)
*/

SELECT  T1.C1 AS C1, T1.C1 AS C2, 7 AS C3, T1.C2 AS C4 FROM T1 T1    ORDER BY 1 DESC ,2 DESC ,3 DESC ,4 ASC  LIMIT 0, 0

Empty set

EXPLAIN SELECT  T1.C4 AS C1, 0 AS C2, 70 AS C3, T1.C1 AS C4 FROM T1 T1    ORDER BY 1 ASC ,2 ASC ,3 DESC ,4 DESC  LIMIT 0, 0

Query Plan:
+---------------------------------------------+
| ID | OPERATOR    | NAME | ROW COUNT | COST  |
+---------------------------------------------+
| 0  | LIMIT       |      | 0         | 10410 |
| 1  |  TABLE SCAN | T1   | 100000    | 10410 |
+---------------------------------------------+
Outputs & filters:
0 - output([t1.c4], [0], [70], [t1.c1])
1 - output([t1.c4], [t1.c1])
access([t1.c4], [t1.c1])

outline:
/*+
LEADING(@SEL1 t1)
*/

SELECT  T1.C4 AS C1, 0 AS C2, 70 AS C3, T1.C1 AS C4 FROM T1 T1    ORDER BY 1 ASC ,2 ASC ,3 DESC ,4 DESC  LIMIT 0, 0

Empty set

EXPLAIN SELECT  T1.C2 AS C1, T1.C4 AS C2, T1.C1 AS C3, T1.C3 AS C4 FROM T1 T1    ORDER BY 1 ASC ,2 ASC ,3 ASC ,4 DESC  LIMIT 0, 0

Query Plan:
+---------------------------------------------+
| ID | OPERATOR    | NAME | ROW COUNT | COST  |
+---------------------------------------------+
| 0  | LIMIT       |      | 0         | 20410 |
| 1  |  TABLE SCAN | T1   | 100000    | 20410 |
+---------------------------------------------+
Outputs & filters:
0 - output([t1.c2], [t1.c4], [t1.c1], [t1.c3])
1 - output([t1.c2], [t1.c4], [t1.c1], [t1.c3])
access([t1.c2], [t1.c4], [t1.c1], [t1.c3])

outline:
/*+
LEADING(@SEL1 t1)
*/

SELECT  T1.C2 AS C1, T1.C4 AS C2, T1.C1 AS C3, T1.C3 AS C4 FROM T1 T1    ORDER BY 1 ASC ,2 ASC ,3 ASC ,4 DESC  LIMIT 0, 0

Empty set

EXPLAIN SELECT  30 AS C1, T1.C2 AS C2, T1.C2 AS C3, T1.C2 AS C4 FROM T1 T1    ORDER BY 1 DESC ,2 ASC ,3 DESC ,4 ASC  LIMIT 0, 0

Query Plan:
+--------------------------------------------+
| ID | OPERATOR    | NAME | ROW COUNT | COST |
+--------------------------------------------+
| 0  | LIMIT       |      | 0         | 5410 |
| 1  |  TABLE SCAN | T1   | 100000    | 5410 |
+--------------------------------------------+
Outputs & filters:
0 - output([30], [t1.c2], [t1.c2], [t1.c2])
1 - output([t1.c2])
access([t1.c2])

outline:
/*+
LEADING(@SEL1 t1)
*/

SELECT  30 AS C1, T1.C2 AS C2, T1.C2 AS C3, T1.C2 AS C4 FROM T1 T1    ORDER BY 1 DESC ,2 ASC ,3 DESC ,4 ASC  LIMIT 0, 0

Empty set

EXPLAIN SELECT  T1.C3 AS C1, T1.C3 AS C2, T1.C1 AS C3, T1.C1 AS C4 FROM T1 T1    ORDER BY 1 DESC ,2 DESC ,3 DESC ,4 ASC  LIMIT 4, 9

Query Plan:
+-----------------------------------------------+
| ID | OPERATOR     | NAME | ROW COUNT | COST   |
+-----------------------------------------------+
| 0  | LIMIT        |      | 13        | 148565 |
| 1  |  TOP_N SORT  |      | 13        | 148565 |
| 2  |   TABLE SCAN | T1   | 100000    | 10410  |
+-----------------------------------------------+
Outputs & filters:
0 - output([t1.c3], [t1.c3], [t1.c1], [t1.c1])
1 - output([t1.c3], [t1.c1])
sort_keys([t1.c3 DESC], [t1.c3 DESC], [t1.c1 DESC], [t1.c1 ASC])
top_n([13])
2 - output([t1.c3], [t1.c1])
access([t1.c3], [t1.c1])

outline:
/*+
LEADING(@SEL1 t1)
*/

SELECT  T1.C3 AS C1, T1.C3 AS C2, T1.C1 AS C3, T1.C1 AS C4 FROM T1 T1    ORDER BY 1 DESC ,2 DESC ,3 DESC ,4 ASC  LIMIT 4, 9

+------+------+------+------+
| c1   | c2   | c3   | c4   |
+------+------+------+------+
| 3    | 3    | 4    | 4    |
| 2    | 2    | 9    | 9    |
| 1    | 1    | 6    | 6    |
| 1    | 1    | 2    | 2    |
| 0    | 0    | 9    | 9    |
| 0    | 0    | 3    | 3    |
+------+------+------+------+
6 rows in set

EXPLAIN SELECT  T1.C1 AS C1, 5 AS C2, T1.C2 AS C3, T1.C1 AS C4 FROM T1 T1    ORDER BY 1 DESC ,2 ASC ,3 DESC ,4 ASC  LIMIT 4, 9

Query Plan:
+-----------------------------------------------+
| ID | OPERATOR     | NAME | ROW COUNT | COST   |
+-----------------------------------------------+
| 0  | LIMIT        |      | 13        | 148565 |
| 1  |  TOP_N SORT  |      | 13        | 148565 |
| 2  |   TABLE SCAN | T1   | 100000    | 10410  |
+-----------------------------------------------+
Outputs & filters:
0 - output([t1.c1], [5], [t1.c2], [t1.c1])
1 - output([t1.c1], [t1.c2])
sort_keys([t1.c1 DESC], [5 ASC], [t1.c2 DESC], [t1.c1 ASC])
top_n([13])
2 - output([t1.c1], [t1.c2])
access([t1.c1], [t1.c2])

outline:
/*+
LEADING(@SEL1 t1)
*/

SELECT  T1.C1 AS C1, 5 AS C2, T1.C2 AS C3, T1.C1 AS C4 FROM T1 T1    ORDER BY 1 DESC ,2 ASC ,3 DESC ,4 ASC  LIMIT 4, 9

+------+------+------+------+
| c1   | c2   | c3   | c4   |
+------+------+------+------+
| 6    | 5    | 3    | 6    |
| 4    | 5    | 3    | 4    |
| 4    | 5    | 3    | 4    |
| 3    | 5    | 9    | 3    |
| 3    | 5    | 8    | 3    |
| 2    | 5    | 4    | 2    |
+------+------+------+------+
6 rows in set

EXPLAIN SELECT  T1.C4 AS C1, T1.C4 AS C2, T1.C4 AS C3, T1.C3 AS C4 FROM T1 T1    ORDER BY 1 ASC ,2 DESC ,3 ASC ,4 DESC  LIMIT 6, 8

Query Plan:
+-----------------------------------------------+
| ID | OPERATOR     | NAME | ROW COUNT | COST   |
+-----------------------------------------------+
| 0  | LIMIT        |      | 14        | 148565 |
| 1  |  TOP_N SORT  |      | 14        | 148565 |
| 2  |   TABLE SCAN | T1   | 100000    | 10410  |
+-----------------------------------------------+
Outputs & filters:
0 - output([t1.c4], [t1.c4], [t1.c4], [t1.c3])
1 - output([t1.c4], [t1.c3])
sort_keys([t1.c4 ASC], [t1.c4 DESC], [t1.c4 ASC], [t1.c3 DESC])
top_n([14])
2 - output([t1.c4], [t1.c3])
access([t1.c4], [t1.c3])

outline:
/*+
LEADING(@SEL1 t1)
*/

SELECT  T1.C4 AS C1, T1.C4 AS C2, T1.C4 AS C3, T1.C3 AS C4 FROM T1 T1    ORDER BY 1 ASC ,2 DESC ,3 ASC ,4 DESC  LIMIT 6, 8

+------+------+------+------+
| c1   | c2   | c3   | c4   |
+------+------+------+------+
| 6    | 6    | 6    | 4    |
| 7    | 7    | 7    | 1    |
| 7    | 7    | 7    | 0    |
| 8    | 8    | 8    | 3    |
+------+------+------+------+
4 rows in set

EXPLAIN SELECT  T1.C4 AS C1, T1.C3 AS C2, 98 AS C3, 66 AS C4 FROM T1 T1    ORDER BY 1 ASC ,2 DESC ,3 ASC ,4 DESC  LIMIT 6

Query Plan:
+----------------------------------------------+
| ID | OPERATOR    | NAME | ROW COUNT | COST   |
+----------------------------------------------+
| 0  | TOP_N SORT  |      | 6         | 148565 |
| 1  |  TABLE SCAN | T1   | 100000    | 10410  |
+----------------------------------------------+
Outputs & filters:
0 - output([t1.c4], [t1.c3], [98], [66])
sort_keys([t1.c4 ASC], [t1.c3 DESC], [98 ASC], [66 DESC])
top_n([6])
1 - output([t1.c4], [t1.c3])
access([t1.c4], [t1.c3])

outline:
/*+
LEADING(@SEL1 t1)
*/

SELECT  T1.C4 AS C1, T1.C3 AS C2, 98 AS C3, 66 AS C4 FROM T1 T1    ORDER BY 1 ASC ,2 DESC ,3 ASC ,4 DESC  LIMIT 6

+------+------+------+------+
| c1   | c2   | c3   | c4   |
+------+------+------+------+
| 0    | 8    | 98   | 66   |
| 4    | 7    | 98   | 66   |
| 4    | 0    | 98   | 66   |
| 6    | 4    | 98   | 66   |
| 7    | 1    | 98   | 66   |
| 8    | 3    | 98   | 66   |
+------+------+------+------+
6 rows in set

EXPLAIN SELECT  T1.C1 AS C1, T1.C3 AS C2, T1.C2 AS C3, 76 AS C4 FROM T1 T1    ORDER BY 1 DESC ,2 DESC ,3 DESC ,4 ASC  LIMIT 6

Query Plan:
+----------------------------------------------+
| ID | OPERATOR    | NAME | ROW COUNT | COST   |
+----------------------------------------------+
| 0  | TOP_N SORT  |      | 6         | 153565 |
| 1  |  TABLE SCAN | T1   | 100000    | 15410  |
+----------------------------------------------+
Outputs & filters:
0 - output([t1.c1], [t1.c3], [t1.c2], [76])
sort_keys([t1.c1 DESC], [t1.c3 DESC], [t1.c2 DESC], [76 ASC])
top_n([6])
1 - output([t1.c1], [t1.c3], [t1.c2])
access([t1.c1], [t1.c3], [t1.c2])

outline:
/*+
LEADING(@SEL1 t1)
*/

SELECT  T1.C1 AS C1, T1.C3 AS C2, T1.C2 AS C3, 76 AS C4 FROM T1 T1    ORDER BY 1 DESC ,2 DESC ,3 DESC ,4 ASC  LIMIT 6

+------+------+------+------+
| c1   | c2   | c3   | c4   |
+------+------+------+------+
| 9    | 2    | 9    | 76   |
| 7    | 8    | 6    | 76   |
| 6    | 1    | 3    | 76   |
| 4    | 7    | 3    | 76   |
| 4    | 3    | 3    | 76   |
| 3    | 4    | 8    | 76   |
+------+------+------+------+
6 rows in set

EXPLAIN SELECT  T1.C1 AS C1, T1.C1 AS C2, T1.C1 AS C3, 33 AS C4 FROM T1 T1    ORDER BY 1 DESC ,2 DESC ,3 ASC ,4 ASC  LIMIT 1

Query Plan:
+----------------------------------------------+
| ID | OPERATOR    | NAME | ROW COUNT | COST   |
+----------------------------------------------+
| 0  | TOP_N SORT  |      | 1         | 143565 |
| 1  |  TABLE SCAN | T1   | 100000    | 5410   |
+----------------------------------------------+
Outputs & filters:
0 - output([t1.c1], [t1.c1], [t1.c1], [33])
sort_keys([t1.c1 DESC], [t1.c1 DESC], [t1.c1 ASC], [33 ASC])
top_n([1])
1 - output([t1.c1])
access([t1.c1])

outline:
/*+
LEADING(@SEL1 t1)
*/

SELECT  T1.C1 AS C1, T1.C1 AS C2, T1.C1 AS C3, 33 AS C4 FROM T1 T1    ORDER BY 1 DESC ,2 DESC ,3 ASC ,4 ASC  LIMIT 1

+------+------+------+------+
| c1   | c2   | c3   | c4   |
+------+------+------+------+
| 9    | 9    | 9    | 33   |
+------+------+------+------+
1 row in set

EXPLAIN SELECT  T1.C1 AS C1, T1.C2 AS C2, 20 AS C3, T1.C1 AS C4 FROM T1 T1    ORDER BY 1 ASC ,2 DESC ,3 ASC ,4 ASC  LIMIT 1

Query Plan:
+----------------------------------------------+
| ID | OPERATOR    | NAME | ROW COUNT | COST   |
+----------------------------------------------+
| 0  | TOP_N SORT  |      | 1         | 148565 |
| 1  |  TABLE SCAN | T1   | 100000    | 10410  |
+----------------------------------------------+
Outputs & filters:
0 - output([t1.c1], [t1.c2], [20], [t1.c1])
sort_keys([t1.c1 ASC], [t1.c2 DESC], [20 ASC], [t1.c1 ASC])
top_n([1])
1 - output([t1.c1], [t1.c2])
access([t1.c1], [t1.c2])

outline:
/*+
LEADING(@SEL1 t1)
*/

SELECT  T1.C1 AS C1, T1.C2 AS C2, 20 AS C3, T1.C1 AS C4 FROM T1 T1    ORDER BY 1 ASC ,2 DESC ,3 ASC ,4 ASC  LIMIT 1

+------+------+------+------+
| c1   | c2   | c3   | c4   |
+------+------+------+------+
| 2    | 4    | 20   | 2    |
+------+------+------+------+
1 row in set

EXPLAIN SELECT  T1.C2 AS C1, T1.C2 AS C2, T1.C3 AS C3, T1.C1 AS C4 FROM T1 T1    ORDER BY 1 DESC ,2 ASC ,3 ASC ,4 DESC  LIMIT 5

Query Plan:
+----------------------------------------------+
| ID | OPERATOR    | NAME | ROW COUNT | COST   |
+----------------------------------------------+
| 0  | TOP_N SORT  |      | 5         | 153565 |
| 1  |  TABLE SCAN | T1   | 100000    | 15410  |
+----------------------------------------------+
Outputs & filters:
0 - output([t1.c2], [t1.c2], [t1.c3], [t1.c1])
sort_keys([t1.c2 DESC], [t1.c2 ASC], [t1.c3 ASC], [t1.c1 DESC])
top_n([5])
1 - output([t1.c2], [t1.c3], [t1.c1])
access([t1.c2], [t1.c3], [t1.c1])

outline:
/*+
LEADING(@SEL1 t1)
*/

SELECT  T1.C2 AS C1, T1.C2 AS C2, T1.C3 AS C3, T1.C1 AS C4 FROM T1 T1    ORDER BY 1 DESC ,2 ASC ,3 ASC ,4 DESC  LIMIT 5

+------+------+------+------+
| c1   | c2   | c3   | c4   |
+------+------+------+------+
| 9    | 9    | 0    | 3    |
| 4    | 4    | 0    | 9    |
| 3    | 3    | 1    | 6    |
| 3    | 3    | 3    | 4    |
| 3    | 3    | 7    | 4    |
+------+------+------+------+
5 rows in set

EXPLAIN SELECT  19 AS C1, 39 AS C2, T1.C2 AS C3, T1.C4 AS C4 FROM T1 T1    ORDER BY 1 ASC ,2 ASC ,3 DESC ,4 ASC  LIMIT 6, 8

Query Plan:
+-----------------------------------------------+
| ID | OPERATOR     | NAME | ROW COUNT | COST   |
+-----------------------------------------------+
| 0  | LIMIT        |      | 14        | 148565 |
| 1  |  TOP_N SORT  |      | 14        | 148565 |
| 2  |   TABLE SCAN | T1   | 100000    | 10410  |
+-----------------------------------------------+
Outputs & filters:
0 - output([19], [39], [t1.c2], [t1.c4])
1 - output([t1.c2], [t1.c4])
sort_keys([19 ASC], [39 ASC], [t1.c2 DESC], [t1.c4 ASC])
top_n([14])
2 - output([t1.c2], [t1.c4])
access([t1.c2], [t1.c4])

outline:
/*+
LEADING(@SEL1 t1)
*/

SELECT  19 AS C1, 39 AS C2, T1.C2 AS C3, T1.C4 AS C4 FROM T1 T1    ORDER BY 1 ASC ,2 ASC ,3 DESC ,4 ASC  LIMIT 6, 8

+------+------+------+------+
| c1   | c2   | c3   | c4   |
+------+------+------+------+
| 19   | 39   | 4    | 4    |
| 19   | 39   | 3    | 4    |
| 19   | 39   | 3    | 7    |
| 19   | 39   | 3    | 8    |
+------+------+------+------+
4 rows in set

Bye
