

DROP DATABASE IF EXISTS RANDOM_TEST

CREATE DATABASE RANDOM_TEST

DROP TABLE IF EXISTS T1

CREATE TABLE T1(C1 INT, C2 INT, C3 INT, C4 INT)

SELECT * FROM T1

+------+------+------+------+
| c1   | c2   | c3   | c4   |
+------+------+------+------+
| 1    | 8    | 9    | 4    |
| 1    | 3    | 5    | 4    |
| 0    | 9    | 1    | 1    |
| 8    | 4    | 0    | 8    |
| 0    | 0    | 1    | 1    |
| 5    | 4    | 2    | 5    |
| 8    | 3    | 5    | 9    |
| 3    | 3    | 5    | 4    |
| 0    | 8    | 0    | 5    |
| 9    | 0    | 9    | 4    |
+------+------+------+------+
10 rows in set

DROP TABLE IF EXISTS T2

CREATE TABLE T2(C1 INT, C2 INT, C3 INT, C4 INT)

SELECT * FROM T2

+------+------+------+------+
| c1   | c2   | c3   | c4   |
+------+------+------+------+
| 8    | 7    | 2    | 5    |
| 6    | 1    | 1    | 8    |
| 0    | 0    | 6    | 4    |
| 0    | 1    | 9    | 4    |
| 9    | 0    | 2    | 3    |
| 5    | 6    | 5    | 6    |
| 2    | 6    | 3    | 2    |
| 7    | 7    | 6    | 5    |
| 2    | 5    | 4    | 2    |
| 2    | 6    | 3    | 7    |
+------+------+------+------+
10 rows in set

EXPLAIN (SELECT  T1.C4 AS C1, T1.C1 AS C2, T1.C3 AS C3, T1.C2 AS C4 FROM T1 T1    ORDER BY 1 ASC ,2 ASC ,3 DESC ,4 DESC  ) UNION ALL (SELECT  T2.C2 AS C1, T2.C2 AS C2, T2.C1 AS C3, T2.C3 AS C4 FROM T1 T2    ORDER BY 1 DESC ,2 DESC ,3 ASC ,4 DESC  )

Query Plan:
+---------------------------------------------+
| ID | OPERATOR     | NAME | ROW COUNT | COST |
+---------------------------------------------+
| 0  | UNION_ALL    |      | 2         | 8    |
| 1  |  SORT        |      | 1         | 4    |
| 2  |   TABLE SCAN | T1   | 1         | 4    |
| 3  |  SORT        |      | 1         | 4    |
| 4  |   TABLE SCAN | T2   | 1         | 4    |
+---------------------------------------------+
Outputs & filters:
0 - output([UNION_ALL(0)], [UNION_ALL(1)], [UNION_ALL(2)], [UNION_ALL(3)])
1 - output([t1.c4], [t1.c1], [t1.c3], [t1.c2])
sort_keys([t1.c4 ASC], [t1.c1 ASC], [t1.c3 DESC], [t1.c2 DESC])
2 - output([t1.c4], [t1.c1], [t1.c3], [t1.c2])
access([t1.c4], [t1.c1], [t1.c3], [t1.c2])
3 - output([t2.c2], [t2.c2], [t2.c1], [t2.c3])
sort_keys([t2.c2 DESC], [t2.c2 DESC], [t2.c1 ASC], [t2.c3 DESC])
4 - output([t2.c2], [t2.c1], [t2.c3])
access([t2.c2], [t2.c1], [t2.c3])

outline:
/*+
BEGIN_OUTLINE_DATA
END_OUTLINE_DATA
*/

(SELECT  T1.C4 AS C1, T1.C1 AS C2, T1.C3 AS C3, T1.C2 AS C4 FROM T1 T1    ORDER BY 1 ASC ,2 ASC ,3 DESC ,4 DESC  ) UNION ALL (SELECT  T2.C2 AS C1, T2.C2 AS C2, T2.C1 AS C3, T2.C3 AS C4 FROM T1 T2    ORDER BY 1 DESC ,2 DESC ,3 ASC ,4 DESC  )

+------+------+------+------+
| c1   | c2   | c3   | c4   |
+------+------+------+------+
| 1    | 0    | 1    | 9    |
| 1    | 0    | 1    | 0    |
| 4    | 1    | 9    | 8    |
| 4    | 1    | 5    | 3    |
| 4    | 3    | 5    | 3    |
| 4    | 9    | 9    | 0    |
| 5    | 0    | 0    | 8    |
| 5    | 5    | 2    | 4    |
| 8    | 8    | 0    | 4    |
| 9    | 8    | 5    | 3    |
| 9    | 9    | 0    | 1    |
| 8    | 8    | 0    | 0    |
| 8    | 8    | 1    | 9    |
| 4    | 4    | 5    | 2    |
| 4    | 4    | 8    | 0    |
| 3    | 3    | 1    | 5    |
| 3    | 3    | 3    | 5    |
| 3    | 3    | 8    | 5    |
| 0    | 0    | 0    | 1    |
| 0    | 0    | 9    | 9    |
+------+------+------+------+
20 rows in set

EXPLAIN (SELECT  T3.C2 AS C1, T3.C4 AS C2, T3.C3 AS C3, T3.C3 AS C4 FROM T1 T3    ORDER BY 1 DESC ,2 DESC ,3 DESC ,4 DESC  ) UNION (SELECT  T4.C3 AS C1, T4.C1 AS C2, T4.C3 AS C3, T4.C3 AS C4 FROM T1 T4    ORDER BY 1 ASC ,2 ASC ,3 DESC ,4 DESC  )

Query Plan:
+---------------------------------------------+
| ID | OPERATOR     | NAME | ROW COUNT | COST |
+---------------------------------------------+
| 0  | UNION        |      | 2         | 8    |
| 1  |  SORT        |      | 1         | 4    |
| 2  |   TABLE SCAN | T3   | 1         | 4    |
| 3  |  SORT        |      | 1         | 4    |
| 4  |   TABLE SCAN | T4   | 1         | 4    |
+---------------------------------------------+
Outputs & filters:
0 - output([UNION(0)], [UNION(1)], [UNION(2)], [UNION(3)])
1 - output([t3.c2], [t3.c4], [t3.c3], [t3.c3])
sort_keys([t3.c2 DESC], [t3.c4 DESC], [t3.c3 DESC], [t3.c3 DESC])
2 - output([t3.c2], [t3.c4], [t3.c3])
access([t3.c2], [t3.c4], [t3.c3])
3 - output([t4.c3], [t4.c1], [t4.c3], [t4.c3])
sort_keys([t4.c3 ASC], [t4.c1 ASC], [t4.c3 DESC], [t4.c3 DESC])
4 - output([t4.c3], [t4.c1])
access([t4.c3], [t4.c1])

outline:
/*+
BEGIN_OUTLINE_DATA
END_OUTLINE_DATA
*/

(SELECT  T3.C2 AS C1, T3.C4 AS C2, T3.C3 AS C3, T3.C3 AS C4 FROM T1 T3    ORDER BY 1 DESC ,2 DESC ,3 DESC ,4 DESC  ) UNION (SELECT  T4.C3 AS C1, T4.C1 AS C2, T4.C3 AS C3, T4.C3 AS C4 FROM T1 T4    ORDER BY 1 ASC ,2 ASC ,3 DESC ,4 DESC  )

+------+------+------+------+
| c1   | c2   | c3   | c4   |
+------+------+------+------+
| 9    | 1    | 1    | 1    |
| 8    | 5    | 0    | 0    |
| 8    | 4    | 9    | 9    |
| 4    | 8    | 0    | 0    |
| 4    | 5    | 2    | 2    |
| 3    | 9    | 5    | 5    |
| 3    | 4    | 5    | 5    |
| 0    | 4    | 9    | 9    |
| 0    | 1    | 1    | 1    |
| 0    | 0    | 0    | 0    |
| 0    | 8    | 0    | 0    |
| 1    | 0    | 1    | 1    |
| 2    | 5    | 2    | 2    |
| 5    | 1    | 5    | 5    |
| 5    | 3    | 5    | 5    |
| 5    | 8    | 5    | 5    |
| 9    | 1    | 9    | 9    |
| 9    | 9    | 9    | 9    |
+------+------+------+------+
18 rows in set

EXPLAIN (SELECT  T5.C1 AS C1, T5.C1 AS C2, T5.C1 AS C3, T5.C1 AS C4 FROM T1 T5    ORDER BY 1 ASC ,2 ASC ,3 DESC ,4 ASC  ) EXCEPT (SELECT  T6.C3 AS C1, T6.C4 AS C2, T6.C4 AS C3, T6.C4 AS C4 FROM T2 T6    ORDER BY 1 ASC ,2 DESC ,3 ASC ,4 ASC  )

Query Plan:
+---------------------------------------------+
| ID | OPERATOR     | NAME | ROW COUNT | COST |
+---------------------------------------------+
| 0  | EXCEPT       |      | 2         | 8    |
| 1  |  SORT        |      | 1         | 4    |
| 2  |   TABLE SCAN | T5   | 1         | 4    |
| 3  |  SORT        |      | 1         | 4    |
| 4  |   TABLE SCAN | T6   | 1         | 4    |
+---------------------------------------------+
Outputs & filters:
0 - output([EXCEPT(0)], [EXCEPT(1)], [EXCEPT(2)], [EXCEPT(3)])
1 - output([t5.c1], [t5.c1], [t5.c1], [t5.c1])
sort_keys([t5.c1 ASC], [t5.c1 ASC], [t5.c1 DESC], [t5.c1 ASC])
2 - output([t5.c1])
access([t5.c1])
3 - output([t6.c3], [t6.c4], [t6.c4], [t6.c4])
sort_keys([t6.c3 ASC], [t6.c4 DESC], [t6.c4 ASC], [t6.c4 ASC])
4 - output([t6.c3], [t6.c4])
access([t6.c3], [t6.c4])

outline:
/*+
BEGIN_OUTLINE_DATA
END_OUTLINE_DATA
*/

(SELECT  T5.C1 AS C1, T5.C1 AS C2, T5.C1 AS C3, T5.C1 AS C4 FROM T1 T5    ORDER BY 1 ASC ,2 ASC ,3 DESC ,4 ASC  ) EXCEPT (SELECT  T6.C3 AS C1, T6.C4 AS C2, T6.C4 AS C3, T6.C4 AS C4 FROM T2 T6    ORDER BY 1 ASC ,2 DESC ,3 ASC ,4 ASC  )

Empty set

EXPLAIN (SELECT  T7.C4 AS C1, T7.C3 AS C2, T7.C2 AS C3, T7.C3 AS C4 FROM T2 T7    ORDER BY 1 DESC ,2 DESC ,3 ASC ,4 ASC  ) UNION ALL (((SELECT  T8.C3 AS C1, T8.C3 AS C2, T8.C2 AS C3, T8.C2 AS C4 FROM T1 T8    ORDER BY 1 DESC ,2 ASC ,3 ASC ,4 ASC  ) UNION (SELECT  T9.C2 AS C1, T9.C3 AS C2, T9.C3 AS C3, T9.C2 AS C4 FROM T2 T9    ORDER BY 1 ASC ,2 ASC ,3 DESC ,4 DESC  )) UNION ((SELECT  T10.C1 AS C1, T10.C4 AS C2, T10.C1 AS C3, T10.C1 AS C4 FROM T2 T10    ORDER BY 1 DESC ,2 DESC ,3 DESC ,4 ASC  ) INTERSECT ((SELECT  T11.C2 AS C1, T11.C2 AS C2, T11.C3 AS C3, T11.C4 AS C4 FROM T2 T11    ORDER BY 1 DESC ,2 DESC ,3 DESC ,4 ASC  ) UNION ((SELECT  T12.C4 AS C1, T12.C4 AS C2, T12.C4 AS C3, T12.C3 AS C4 FROM T2 T12    ORDER BY 1 DESC ,2 DESC ,3 ASC ,4 DESC  ) UNION (SELECT  T13.C2 AS C1, T13.C4 AS C2, T13.C2 AS C3, T13.C1 AS C4 FROM T2 T13    ORDER BY 1 ASC ,2 ASC ,3 ASC ,4 ASC  )))))

Query Plan:
+-------------------------------------------------+
| ID | OPERATOR         | NAME | ROW COUNT | COST |
+-------------------------------------------------+
| 0  | UNION_ALL        |      | 7         | 31   |
| 1  |  SORT            |      | 1         | 4    |
| 2  |   TABLE SCAN     | T7   | 1         | 4    |
| 3  |  UNION           |      | 6         | 26   |
| 4  |   UNION          |      | 2         | 8    |
| 5  |    SORT          |      | 1         | 4    |
| 6  |     TABLE SCAN   | T8   | 1         | 4    |
| 7  |    SORT          |      | 1         | 4    |
| 8  |     TABLE SCAN   | T9   | 1         | 4    |
| 9  |   INTERSECT      |      | 4         | 17   |
| 10 |    SORT          |      | 1         | 4    |
| 11 |     TABLE SCAN   | T10  | 1         | 4    |
| 12 |    UNION         |      | 3         | 13   |
| 13 |     SORT         |      | 1         | 4    |
| 14 |      TABLE SCAN  | T11  | 1         | 4    |
| 15 |     UNION        |      | 2         | 8    |
| 16 |      SORT        |      | 1         | 4    |
| 17 |       TABLE SCAN | T12  | 1         | 4    |
| 18 |      SORT        |      | 1         | 4    |
| 19 |       TABLE SCAN | T13  | 1         | 4    |
+-------------------------------------------------+
Outputs & filters:
0 - output([UNION_ALL(0)], [UNION_ALL(1)], [UNION_ALL(2)], [UNION_ALL(3)])
1 - output([t7.c4], [t7.c3], [t7.c2], [t7.c3])
sort_keys([t7.c4 DESC], [t7.c3 DESC], [t7.c2 ASC], [t7.c3 ASC])
2 - output([t7.c4], [t7.c3], [t7.c2])
access([t7.c4], [t7.c3], [t7.c2])
3 - output([UNION(0)], [UNION(1)], [UNION(2)], [UNION(3)])
4 - output([UNION(0)], [UNION(1)], [UNION(2)], [UNION(3)])
5 - output([t8.c3], [t8.c3], [t8.c2], [t8.c2])
sort_keys([t8.c3 DESC], [t8.c3 ASC], [t8.c2 ASC], [t8.c2 ASC])
6 - output([t8.c3], [t8.c2])
access([t8.c3], [t8.c2])
7 - output([t9.c2], [t9.c3], [t9.c3], [t9.c2])
sort_keys([t9.c2 ASC], [t9.c3 ASC], [t9.c3 DESC], [t9.c2 DESC])
8 - output([t9.c2], [t9.c3])
access([t9.c2], [t9.c3])
9 - output([INTERSECT(0)], [INTERSECT(1)], [INTERSECT(2)], [INTERSECT(3)])
10 - output([t10.c1], [t10.c4], [t10.c1], [t10.c1])
sort_keys([t10.c1 DESC], [t10.c4 DESC], [t10.c1 DESC], [t10.c1 ASC])
11 - output([t10.c1], [t10.c4])
access([t10.c1], [t10.c4])
12 - output([UNION(0)], [UNION(1)], [UNION(2)], [UNION(3)])
13 - output([t11.c2], [t11.c2], [t11.c3], [t11.c4])
sort_keys([t11.c2 DESC], [t11.c2 DESC], [t11.c3 DESC], [t11.c4 ASC])
14 - output([t11.c2], [t11.c3], [t11.c4])
access([t11.c2], [t11.c3], [t11.c4])
15 - output([UNION(0)], [UNION(1)], [UNION(2)], [UNION(3)])
16 - output([t12.c4], [t12.c4], [t12.c4], [t12.c3])
sort_keys([t12.c4 DESC], [t12.c4 DESC], [t12.c4 ASC], [t12.c3 DESC])
17 - output([t12.c4], [t12.c3])
access([t12.c4], [t12.c3])
18 - output([t13.c2], [t13.c4], [t13.c2], [t13.c1])
sort_keys([t13.c2 ASC], [t13.c4 ASC], [t13.c2 ASC], [t13.c1 ASC])
19 - output([t13.c2], [t13.c4], [t13.c1])
access([t13.c2], [t13.c4], [t13.c1])

outline:
/*+
BEGIN_OUTLINE_DATA
END_OUTLINE_DATA
*/

(SELECT  T7.C4 AS C1, T7.C3 AS C2, T7.C2 AS C3, T7.C3 AS C4 FROM T2 T7    ORDER BY 1 DESC ,2 DESC ,3 ASC ,4 ASC  ) UNION ALL (((SELECT  T8.C3 AS C1, T8.C3 AS C2, T8.C2 AS C3, T8.C2 AS C4 FROM T1 T8    ORDER BY 1 DESC ,2 ASC ,3 ASC ,4 ASC  ) UNION (SELECT  T9.C2 AS C1, T9.C3 AS C2, T9.C3 AS C3, T9.C2 AS C4 FROM T2 T9    ORDER BY 1 ASC ,2 ASC ,3 DESC ,4 DESC  )) UNION ((SELECT  T10.C1 AS C1, T10.C4 AS C2, T10.C1 AS C3, T10.C1 AS C4 FROM T2 T10    ORDER BY 1 DESC ,2 DESC ,3 DESC ,4 ASC  ) INTERSECT ((SELECT  T11.C2 AS C1, T11.C2 AS C2, T11.C3 AS C3, T11.C4 AS C4 FROM T2 T11    ORDER BY 1 DESC ,2 DESC ,3 DESC ,4 ASC  ) UNION ((SELECT  T12.C4 AS C1, T12.C4 AS C2, T12.C4 AS C3, T12.C3 AS C4 FROM T2 T12    ORDER BY 1 DESC ,2 DESC ,3 ASC ,4 DESC  ) UNION (SELECT  T13.C2 AS C1, T13.C4 AS C2, T13.C2 AS C3, T13.C1 AS C4 FROM T2 T13    ORDER BY 1 ASC ,2 ASC ,3 ASC ,4 ASC  )))))

+------+------+------+------+
| c1   | c2   | c3   | c4   |
+------+------+------+------+
| 8    | 1    | 1    | 1    |
| 7    | 3    | 6    | 3    |
| 6    | 5    | 6    | 5    |
| 5    | 6    | 7    | 6    |
| 5    | 2    | 7    | 2    |
| 4    | 9    | 1    | 9    |
| 4    | 6    | 0    | 6    |
| 3    | 2    | 0    | 2    |
| 2    | 4    | 5    | 4    |
| 2    | 3    | 6    | 3    |
| 9    | 9    | 0    | 0    |
| 9    | 9    | 8    | 8    |
| 5    | 5    | 3    | 3    |
| 2    | 2    | 4    | 4    |
| 1    | 1    | 0    | 0    |
| 1    | 1    | 9    | 9    |
| 0    | 0    | 4    | 4    |
| 0    | 0    | 8    | 8    |
| 0    | 2    | 2    | 0    |
| 0    | 6    | 6    | 0    |
| 1    | 1    | 1    | 1    |
| 1    | 9    | 9    | 1    |
| 5    | 4    | 4    | 5    |
| 6    | 3    | 3    | 6    |
| 6    | 5    | 5    | 6    |
| 7    | 2    | 2    | 7    |
| 7    | 6    | 6    | 7    |
+------+------+------+------+
27 rows in set

EXPLAIN (((SELECT  T14.C4 AS C1, T14.C3 AS C2, T14.C3 AS C3, T14.C4 AS C4 FROM T2 T14    ORDER BY 1 ASC ,2 DESC ,3 DESC ,4 DESC  ) UNION ALL (SELECT  T15.C4 AS C1, T15.C3 AS C2, T15.C2 AS C3, T15.C1 AS C4 FROM T1 T15    ORDER BY 1 ASC ,2 ASC ,3 DESC ,4 ASC  )) UNION ALL (SELECT  T16.C1 AS C1, T16.C2 AS C2, T16.C3 AS C3, T16.C1 AS C4 FROM T1 T16    ORDER BY 1 ASC ,2 DESC ,3 DESC ,4 DESC  )) INTERSECT (SELECT  T17.C4 AS C1, T17.C2 AS C2, T17.C4 AS C3, T17.C3 AS C4 FROM T2 T17    ORDER BY 1 DESC ,2 DESC ,3 DESC ,4 DESC  )

Query Plan:
+-----------------------------------------------+
| ID | OPERATOR       | NAME | ROW COUNT | COST |
+-----------------------------------------------+
| 0  | INTERSECT      |      | 4         | 17   |
| 1  |  UNION_ALL     |      | 3         | 12   |
| 2  |   UNION_ALL    |      | 2         | 8    |
| 3  |    SORT        |      | 1         | 4    |
| 4  |     TABLE SCAN | T14  | 1         | 4    |
| 5  |    SORT        |      | 1         | 4    |
| 6  |     TABLE SCAN | T15  | 1         | 4    |
| 7  |   SORT         |      | 1         | 4    |
| 8  |    TABLE SCAN  | T16  | 1         | 4    |
| 9  |  SORT          |      | 1         | 4    |
| 10 |   TABLE SCAN   | T17  | 1         | 4    |
+-----------------------------------------------+
Outputs & filters:
0 - output([INTERSECT(0)], [INTERSECT(1)], [INTERSECT(2)], [INTERSECT(3)])
1 - output([UNION_ALL(0)], [UNION_ALL(1)], [UNION_ALL(2)], [UNION_ALL(3)])
2 - output([UNION_ALL(0)], [UNION_ALL(1)], [UNION_ALL(2)], [UNION_ALL(3)])
3 - output([t14.c4], [t14.c3], [t14.c3], [t14.c4])
sort_keys([t14.c4 ASC], [t14.c3 DESC], [t14.c3 DESC], [t14.c4 DESC])
4 - output([t14.c4], [t14.c3])
access([t14.c4], [t14.c3])
5 - output([t15.c4], [t15.c3], [t15.c2], [t15.c1])
sort_keys([t15.c4 ASC], [t15.c3 ASC], [t15.c2 DESC], [t15.c1 ASC])
6 - output([t15.c4], [t15.c3], [t15.c2], [t15.c1])
access([t15.c4], [t15.c3], [t15.c2], [t15.c1])
7 - output([t16.c1], [t16.c2], [t16.c3], [t16.c1])
sort_keys([t16.c1 ASC], [t16.c2 DESC], [t16.c3 DESC], [t16.c1 DESC])
8 - output([t16.c1], [t16.c2], [t16.c3])
access([t16.c1], [t16.c2], [t16.c3])
9 - output([t17.c4], [t17.c2], [t17.c4], [t17.c3])
sort_keys([t17.c4 DESC], [t17.c2 DESC], [t17.c4 DESC], [t17.c3 DESC])
10 - output([t17.c4], [t17.c2], [t17.c3])
access([t17.c4], [t17.c2], [t17.c3])

outline:
/*+
BEGIN_OUTLINE_DATA
END_OUTLINE_DATA
*/

(((SELECT  T14.C4 AS C1, T14.C3 AS C2, T14.C3 AS C3, T14.C4 AS C4 FROM T2 T14    ORDER BY 1 ASC ,2 DESC ,3 DESC ,4 DESC  ) UNION ALL (SELECT  T15.C4 AS C1, T15.C3 AS C2, T15.C2 AS C3, T15.C1 AS C4 FROM T1 T15    ORDER BY 1 ASC ,2 ASC ,3 DESC ,4 ASC  )) UNION ALL (SELECT  T16.C1 AS C1, T16.C2 AS C2, T16.C3 AS C3, T16.C1 AS C4 FROM T1 T16    ORDER BY 1 ASC ,2 DESC ,3 DESC ,4 DESC  )) INTERSECT (SELECT  T17.C4 AS C1, T17.C2 AS C2, T17.C4 AS C3, T17.C3 AS C4 FROM T2 T17    ORDER BY 1 DESC ,2 DESC ,3 DESC ,4 DESC  )

Empty set

EXPLAIN (SELECT  T18.C4 AS C1, T18.C1 AS C2, T18.C3 AS C3, T18.C4 AS C4 FROM T2 T18    ORDER BY 1 DESC ,2 ASC ,3 DESC ,4 DESC  ) UNION (((SELECT  T19.C3 AS C1, T19.C2 AS C2, T19.C3 AS C3, T19.C3 AS C4 FROM T1 T19    ORDER BY 1 ASC ,2 ASC ,3 DESC ,4 ASC  ) INTERSECT (SELECT  T20.C3 AS C1, T20.C4 AS C2, T20.C3 AS C3, T20.C4 AS C4 FROM T1 T20    ORDER BY 1 DESC ,2 ASC ,3 DESC ,4 DESC  )) INTERSECT (SELECT  T21.C3 AS C1, T21.C4 AS C2, T21.C2 AS C3, T21.C2 AS C4 FROM T1 T21    ORDER BY 1 DESC ,2 DESC ,3 ASC ,4 DESC  ))

Query Plan:
+-----------------------------------------------+
| ID | OPERATOR       | NAME | ROW COUNT | COST |
+-----------------------------------------------+
| 0  | UNION          |      | 4         | 17   |
| 1  |  SORT          |      | 1         | 4    |
| 2  |   TABLE SCAN   | T18  | 1         | 4    |
| 3  |  INTERSECT     |      | 3         | 12   |
| 4  |   INTERSECT    |      | 2         | 8    |
| 5  |    SORT        |      | 1         | 4    |
| 6  |     TABLE SCAN | T19  | 1         | 4    |
| 7  |    SORT        |      | 1         | 4    |
| 8  |     TABLE SCAN | T20  | 1         | 4    |
| 9  |   SORT         |      | 1         | 4    |
| 10 |    TABLE SCAN  | T21  | 1         | 4    |
+-----------------------------------------------+
Outputs & filters:
0 - output([UNION(0)], [UNION(1)], [UNION(2)], [UNION(3)])
1 - output([t18.c4], [t18.c1], [t18.c3], [t18.c4])
sort_keys([t18.c4 DESC], [t18.c1 ASC], [t18.c3 DESC], [t18.c4 DESC])
2 - output([t18.c4], [t18.c1], [t18.c3])
access([t18.c4], [t18.c1], [t18.c3])
3 - output([INTERSECT(0)], [INTERSECT(1)], [INTERSECT(2)], [INTERSECT(3)])
4 - output([INTERSECT(0)], [INTERSECT(1)], [INTERSECT(2)], [INTERSECT(3)])
5 - output([t19.c3], [t19.c2], [t19.c3], [t19.c3])
sort_keys([t19.c3 ASC], [t19.c2 ASC], [t19.c3 DESC], [t19.c3 ASC])
6 - output([t19.c3], [t19.c2])
access([t19.c3], [t19.c2])
7 - output([t20.c3], [t20.c4], [t20.c3], [t20.c4])
sort_keys([t20.c3 DESC], [t20.c4 ASC], [t20.c3 DESC], [t20.c4 DESC])
8 - output([t20.c3], [t20.c4])
access([t20.c3], [t20.c4])
9 - output([t21.c3], [t21.c4], [t21.c2], [t21.c2])
sort_keys([t21.c3 DESC], [t21.c4 DESC], [t21.c2 ASC], [t21.c2 DESC])
10 - output([t21.c3], [t21.c4], [t21.c2])
access([t21.c3], [t21.c4], [t21.c2])

outline:
/*+
BEGIN_OUTLINE_DATA
END_OUTLINE_DATA
*/

(SELECT  T18.C4 AS C1, T18.C1 AS C2, T18.C3 AS C3, T18.C4 AS C4 FROM T2 T18    ORDER BY 1 DESC ,2 ASC ,3 DESC ,4 DESC  ) UNION (((SELECT  T19.C3 AS C1, T19.C2 AS C2, T19.C3 AS C3, T19.C3 AS C4 FROM T1 T19    ORDER BY 1 ASC ,2 ASC ,3 DESC ,4 ASC  ) INTERSECT (SELECT  T20.C3 AS C1, T20.C4 AS C2, T20.C3 AS C3, T20.C4 AS C4 FROM T1 T20    ORDER BY 1 DESC ,2 ASC ,3 DESC ,4 DESC  )) INTERSECT (SELECT  T21.C3 AS C1, T21.C4 AS C2, T21.C2 AS C3, T21.C2 AS C4 FROM T1 T21    ORDER BY 1 DESC ,2 DESC ,3 ASC ,4 DESC  ))

+------+------+------+------+
| c1   | c2   | c3   | c4   |
+------+------+------+------+
| 8    | 6    | 1    | 8    |
| 7    | 2    | 3    | 7    |
| 6    | 5    | 5    | 6    |
| 5    | 7    | 6    | 5    |
| 5    | 8    | 2    | 5    |
| 4    | 0    | 9    | 4    |
| 4    | 0    | 6    | 4    |
| 3    | 9    | 2    | 3    |
| 2    | 2    | 4    | 2    |
| 2    | 2    | 3    | 2    |
+------+------+------+------+
10 rows in set

EXPLAIN (SELECT  T22.C1 AS C1, T22.C2 AS C2, T22.C3 AS C3, T22.C1 AS C4 FROM T1 T22    ORDER BY 1 ASC ,2 ASC ,3 DESC ,4 ASC  ) INTERSECT (SELECT  T23.C2 AS C1, T23.C4 AS C2, T23.C1 AS C3, T23.C2 AS C4 FROM T2 T23    ORDER BY 1 ASC ,2 ASC ,3 DESC ,4 ASC  )

Query Plan:
+---------------------------------------------+
| ID | OPERATOR     | NAME | ROW COUNT | COST |
+---------------------------------------------+
| 0  | INTERSECT    |      | 2         | 8    |
| 1  |  SORT        |      | 1         | 4    |
| 2  |   TABLE SCAN | T22  | 1         | 4    |
| 3  |  SORT        |      | 1         | 4    |
| 4  |   TABLE SCAN | T23  | 1         | 4    |
+---------------------------------------------+
Outputs & filters:
0 - output([INTERSECT(0)], [INTERSECT(1)], [INTERSECT(2)], [INTERSECT(3)])
1 - output([t22.c1], [t22.c2], [t22.c3], [t22.c1])
sort_keys([t22.c1 ASC], [t22.c2 ASC], [t22.c3 DESC], [t22.c1 ASC])
2 - output([t22.c1], [t22.c2], [t22.c3])
access([t22.c1], [t22.c2], [t22.c3])
3 - output([t23.c2], [t23.c4], [t23.c1], [t23.c2])
sort_keys([t23.c2 ASC], [t23.c4 ASC], [t23.c1 DESC], [t23.c2 ASC])
4 - output([t23.c2], [t23.c4], [t23.c1])
access([t23.c2], [t23.c4], [t23.c1])

outline:
/*+
BEGIN_OUTLINE_DATA
END_OUTLINE_DATA
*/

(SELECT  T22.C1 AS C1, T22.C2 AS C2, T22.C3 AS C3, T22.C1 AS C4 FROM T1 T22    ORDER BY 1 ASC ,2 ASC ,3 DESC ,4 ASC  ) INTERSECT (SELECT  T23.C2 AS C1, T23.C4 AS C2, T23.C1 AS C3, T23.C2 AS C4 FROM T2 T23    ORDER BY 1 ASC ,2 ASC ,3 DESC ,4 ASC  )

Empty set

EXPLAIN (SELECT  T24.C2 AS C1, T24.C4 AS C2, T24.C3 AS C3, T24.C1 AS C4 FROM T2 T24    ORDER BY 1 ASC ,2 ASC ,3 DESC ,4 DESC  ) UNION ALL (SELECT  T25.C4 AS C1, T25.C2 AS C2, T25.C1 AS C3, T25.C3 AS C4 FROM T1 T25    ORDER BY 1 DESC ,2 ASC ,3 ASC ,4 DESC  )

Query Plan:
+---------------------------------------------+
| ID | OPERATOR     | NAME | ROW COUNT | COST |
+---------------------------------------------+
| 0  | UNION_ALL    |      | 2         | 8    |
| 1  |  SORT        |      | 1         | 4    |
| 2  |   TABLE SCAN | T24  | 1         | 4    |
| 3  |  SORT        |      | 1         | 4    |
| 4  |   TABLE SCAN | T25  | 1         | 4    |
+---------------------------------------------+
Outputs & filters:
0 - output([UNION_ALL(0)], [UNION_ALL(1)], [UNION_ALL(2)], [UNION_ALL(3)])
1 - output([t24.c2], [t24.c4], [t24.c3], [t24.c1])
sort_keys([t24.c2 ASC], [t24.c4 ASC], [t24.c3 DESC], [t24.c1 DESC])
2 - output([t24.c2], [t24.c4], [t24.c3], [t24.c1])
access([t24.c2], [t24.c4], [t24.c3], [t24.c1])
3 - output([t25.c4], [t25.c2], [t25.c1], [t25.c3])
sort_keys([t25.c4 DESC], [t25.c2 ASC], [t25.c1 ASC], [t25.c3 DESC])
4 - output([t25.c4], [t25.c2], [t25.c1], [t25.c3])
access([t25.c4], [t25.c2], [t25.c1], [t25.c3])

outline:
/*+
BEGIN_OUTLINE_DATA
END_OUTLINE_DATA
*/

(SELECT  T24.C2 AS C1, T24.C4 AS C2, T24.C3 AS C3, T24.C1 AS C4 FROM T2 T24    ORDER BY 1 ASC ,2 ASC ,3 DESC ,4 DESC  ) UNION ALL (SELECT  T25.C4 AS C1, T25.C2 AS C2, T25.C1 AS C3, T25.C3 AS C4 FROM T1 T25    ORDER BY 1 DESC ,2 ASC ,3 ASC ,4 DESC  )

+------+------+------+------+
| c1   | c2   | c3   | c4   |
+------+------+------+------+
| 0    | 3    | 2    | 9    |
| 0    | 4    | 6    | 0    |
| 1    | 4    | 9    | 0    |
| 1    | 8    | 1    | 6    |
| 5    | 2    | 4    | 2    |
| 6    | 2    | 3    | 2    |
| 6    | 6    | 5    | 5    |
| 6    | 7    | 3    | 2    |
| 7    | 5    | 6    | 7    |
| 7    | 5    | 2    | 8    |
| 9    | 3    | 8    | 5    |
| 8    | 4    | 8    | 0    |
| 5    | 4    | 5    | 2    |
| 5    | 8    | 0    | 0    |
| 4    | 0    | 9    | 9    |
| 4    | 3    | 1    | 5    |
| 4    | 3    | 3    | 5    |
| 4    | 8    | 1    | 9    |
| 1    | 0    | 0    | 1    |
| 1    | 9    | 0    | 1    |
+------+------+------+------+
20 rows in set

EXPLAIN ((SELECT  T26.C3 AS C1, T26.C4 AS C2, T26.C4 AS C3, T26.C4 AS C4 FROM T2 T26    ORDER BY 1 ASC ,2 ASC ,3 ASC ,4 ASC  ) EXCEPT (SELECT  T27.C4 AS C1, T27.C1 AS C2, T27.C4 AS C3, T27.C1 AS C4 FROM T1 T27    ORDER BY 1 ASC ,2 ASC ,3 ASC ,4 DESC  )) EXCEPT (SELECT  T28.C4 AS C1, T28.C1 AS C2, T28.C3 AS C3, T28.C3 AS C4 FROM T1 T28    ORDER BY 1 ASC ,2 DESC ,3 ASC ,4 DESC  )

Query Plan:
+----------------------------------------------+
| ID | OPERATOR      | NAME | ROW COUNT | COST |
+----------------------------------------------+
| 0  | EXCEPT        |      | 3         | 12   |
| 1  |  EXCEPT       |      | 2         | 8    |
| 2  |   SORT        |      | 1         | 4    |
| 3  |    TABLE SCAN | T26  | 1         | 4    |
| 4  |   SORT        |      | 1         | 4    |
| 5  |    TABLE SCAN | T27  | 1         | 4    |
| 6  |  SORT         |      | 1         | 4    |
| 7  |   TABLE SCAN  | T28  | 1         | 4    |
+----------------------------------------------+
Outputs & filters:
0 - output([EXCEPT(0)], [EXCEPT(1)], [EXCEPT(2)], [EXCEPT(3)])
1 - output([EXCEPT(0)], [EXCEPT(1)], [EXCEPT(2)], [EXCEPT(3)])
2 - output([t26.c3], [t26.c4], [t26.c4], [t26.c4])
sort_keys([t26.c3 ASC], [t26.c4 ASC], [t26.c4 ASC], [t26.c4 ASC])
3 - output([t26.c3], [t26.c4])
access([t26.c3], [t26.c4])
4 - output([t27.c4], [t27.c1], [t27.c4], [t27.c1])
sort_keys([t27.c4 ASC], [t27.c1 ASC], [t27.c4 ASC], [t27.c1 DESC])
5 - output([t27.c4], [t27.c1])
access([t27.c4], [t27.c1])
6 - output([t28.c4], [t28.c1], [t28.c3], [t28.c3])
sort_keys([t28.c4 ASC], [t28.c1 DESC], [t28.c3 ASC], [t28.c3 DESC])
7 - output([t28.c4], [t28.c1], [t28.c3])
access([t28.c4], [t28.c1], [t28.c3])

outline:
/*+
BEGIN_OUTLINE_DATA
END_OUTLINE_DATA
*/

((SELECT  T26.C3 AS C1, T26.C4 AS C2, T26.C4 AS C3, T26.C4 AS C4 FROM T2 T26    ORDER BY 1 ASC ,2 ASC ,3 ASC ,4 ASC  ) EXCEPT (SELECT  T27.C4 AS C1, T27.C1 AS C2, T27.C4 AS C3, T27.C1 AS C4 FROM T1 T27    ORDER BY 1 ASC ,2 ASC ,3 ASC ,4 DESC  )) EXCEPT (SELECT  T28.C4 AS C1, T28.C1 AS C2, T28.C3 AS C3, T28.C3 AS C4 FROM T1 T28    ORDER BY 1 ASC ,2 DESC ,3 ASC ,4 DESC  )

Empty set

EXPLAIN ((SELECT  T29.C2 AS C1, T29.C3 AS C2, T29.C1 AS C3, T29.C2 AS C4 FROM T2 T29    ORDER BY 1 DESC ,2 DESC ,3 DESC ,4 ASC  ) UNION ALL ((SELECT  T30.C1 AS C1, T30.C3 AS C2, T30.C3 AS C3, T30.C3 AS C4 FROM T2 T30    ORDER BY 1 ASC ,2 DESC ,3 DESC ,4 DESC  ) INTERSECT ((SELECT  T31.C1 AS C1, T31.C3 AS C2, T31.C2 AS C3, T31.C3 AS C4 FROM T1 T31    ORDER BY 1 DESC ,2 DESC ,3 ASC ,4 DESC  ) UNION ((SELECT  T32.C2 AS C1, T32.C2 AS C2, T32.C3 AS C3, T32.C3 AS C4 FROM T1 T32    ORDER BY 1 ASC ,2 DESC ,3 ASC ,4 ASC  ) EXCEPT (((SELECT  T33.C3 AS C1, T33.C1 AS C2, T33.C1 AS C3, T33.C2 AS C4 FROM T1 T33    ORDER BY 1 DESC ,2 ASC ,3 ASC ,4 ASC  ) UNION ALL (SELECT  T34.C4 AS C1, T34.C3 AS C2, T34.C1 AS C3, T34.C4 AS C4 FROM T1 T34    ORDER BY 1 ASC ,2 ASC ,3 DESC ,4 ASC  )) UNION ((((((SELECT  T35.C2 AS C1, T35.C2 AS C2, T35.C3 AS C3, T35.C3 AS C4 FROM T2 T35    ORDER BY 1 DESC ,2 ASC ,3 ASC ,4 ASC  ) UNION (SELECT  T36.C3 AS C1, T36.C3 AS C2, T36.C1 AS C3, T36.C2 AS C4 FROM T1 T36    ORDER BY 1 ASC ,2 ASC ,3 DESC ,4 ASC  )) UNION ALL (SELECT  T37.C3 AS C1, T37.C3 AS C2, T37.C4 AS C3, T37.C1 AS C4 FROM T2 T37    ORDER BY 1 DESC ,2 ASC ,3 ASC ,4 ASC  )) UNION ((SELECT  T38.C1 AS C1, T38.C1 AS C2, T38.C2 AS C3, T38.C1 AS C4 FROM T2 T38    ORDER BY 1 DESC ,2 ASC ,3 DESC ,4 DESC  ) UNION ALL (SELECT  T39.C1 AS C1, T39.C4 AS C2, T39.C3 AS C3, T39.C1 AS C4 FROM T2 T39    ORDER BY 1 DESC ,2 DESC ,3 ASC ,4 ASC  ))) INTERSECT ((SELECT  T40.C4 AS C1, T40.C1 AS C2, T40.C3 AS C3, T40.C2 AS C4 FROM T1 T40    ORDER BY 1 DESC ,2 DESC ,3 DESC ,4 ASC  ) UNION (SELECT  T41.C2 AS C1, T41.C3 AS C2, T41.C4 AS C3, T41.C4 AS C4 FROM T2 T41    ORDER BY 1 DESC ,2 ASC ,3 DESC ,4 ASC  ))) INTERSECT (((SELECT  T42.C2 AS C1, T42.C3 AS C2, T42.C4 AS C3, T42.C2 AS C4 FROM T1 T42    ORDER BY 1 ASC ,2 DESC ,3 DESC ,4 DESC  ) EXCEPT ((SELECT  T43.C2 AS C1, T43.C3 AS C2, T43.C3 AS C3, T43.C2 AS C4 FROM T1 T43    ORDER BY 1 ASC ,2 ASC ,3 ASC ,4 DESC  ) UNION ALL (SELECT  T44.C2 AS C1, T44.C1 AS C2, T44.C2 AS C3, T44.C3 AS C4 FROM T1 T44    ORDER BY 1 DESC ,2 DESC ,3 ASC ,4 ASC  ))) UNION (SELECT  T45.C2 AS C1, T45.C2 AS C2, T45.C3 AS C3, T45.C1 AS C4 FROM T2 T45    ORDER BY 1 ASC ,2 DESC ,3 ASC ,4 ASC  )))))))) UNION ALL (((SELECT  T46.C1 AS C1, T46.C3 AS C2, T46.C2 AS C3, T46.C4 AS C4 FROM T1 T46    ORDER BY 1 ASC ,2 ASC ,3 ASC ,4 DESC  ) INTERSECT (SELECT  T47.C2 AS C1, T47.C2 AS C2, T47.C1 AS C3, T47.C2 AS C4 FROM T1 T47    ORDER BY 1 ASC ,2 DESC ,3 ASC ,4 ASC  )) INTERSECT (SELECT  T48.C2 AS C1, T48.C2 AS C2, T48.C2 AS C3, T48.C2 AS C4 FROM T1 T48    ORDER BY 1 ASC ,2 ASC ,3 DESC ,4 DESC  ))

Query Plan:
+-------------------------------------------------------+
| ID | OPERATOR               | NAME | ROW COUNT | COST |
+-------------------------------------------------------+
| 0  | UNION_ALL              |      | 20        | 92   |
| 1  |  UNION_ALL             |      | 17        | 79   |
| 2  |   SORT                 |      | 1         | 4    |
| 3  |    TABLE SCAN          | T29  | 1         | 4    |
| 4  |   INTERSECT            |      | 16        | 75   |
| 5  |    SORT                |      | 1         | 4    |
| 6  |     TABLE SCAN         | T30  | 1         | 4    |
| 7  |    UNION               |      | 15        | 69   |
| 8  |     SORT               |      | 1         | 4    |
| 9  |      TABLE SCAN        | T31  | 1         | 4    |
| 10 |     EXCEPT             |      | 14        | 63   |
| 11 |      SORT              |      | 1         | 4    |
| 12 |       TABLE SCAN       | T32  | 1         | 4    |
| 13 |      UNION             |      | 13        | 58   |
| 14 |       UNION_ALL        |      | 2         | 8    |
| 15 |        SORT            |      | 1         | 4    |
| 16 |         TABLE SCAN     | T33  | 1         | 4    |
| 17 |        SORT            |      | 1         | 4    |
| 18 |         TABLE SCAN     | T34  | 1         | 4    |
| 19 |       INTERSECT        |      | 11        | 48   |
| 20 |        INTERSECT       |      | 7         | 30   |
| 21 |         UNION          |      | 5         | 21   |
| 22 |          UNION_ALL     |      | 3         | 12   |
| 23 |           UNION        |      | 2         | 8    |
| 24 |            SORT        |      | 1         | 4    |
| 25 |             TABLE SCAN | T35  | 1         | 4    |
| 26 |            SORT        |      | 1         | 4    |
| 27 |             TABLE SCAN | T36  | 1         | 4    |
| 28 |           SORT         |      | 1         | 4    |
| 29 |            TABLE SCAN  | T37  | 1         | 4    |
| 30 |          UNION_ALL     |      | 2         | 8    |
| 31 |           SORT         |      | 1         | 4    |
| 32 |            TABLE SCAN  | T38  | 1         | 4    |
| 33 |           SORT         |      | 1         | 4    |
| 34 |            TABLE SCAN  | T39  | 1         | 4    |
| 35 |         UNION          |      | 2         | 8    |
| 36 |          SORT          |      | 1         | 4    |
| 37 |           TABLE SCAN   | T40  | 1         | 4    |
| 38 |          SORT          |      | 1         | 4    |
| 39 |           TABLE SCAN   | T41  | 1         | 4    |
| 40 |        UNION           |      | 4         | 17   |
| 41 |         EXCEPT         |      | 3         | 12   |
| 42 |          SORT          |      | 1         | 4    |
| 43 |           TABLE SCAN   | T42  | 1         | 4    |
| 44 |          UNION_ALL     |      | 2         | 8    |
| 45 |           SORT         |      | 1         | 4    |
| 46 |            TABLE SCAN  | T43  | 1         | 4    |
| 47 |           SORT         |      | 1         | 4    |
| 48 |            TABLE SCAN  | T44  | 1         | 4    |
| 49 |         SORT           |      | 1         | 4    |
| 50 |          TABLE SCAN    | T45  | 1         | 4    |
| 51 |  INTERSECT             |      | 3         | 12   |
| 52 |   INTERSECT            |      | 2         | 8    |
| 53 |    SORT                |      | 1         | 4    |
| 54 |     TABLE SCAN         | T46  | 1         | 4    |
| 55 |    SORT                |      | 1         | 4    |
| 56 |     TABLE SCAN         | T47  | 1         | 4    |
| 57 |   SORT                 |      | 1         | 4    |
| 58 |    TABLE SCAN          | T48  | 1         | 4    |
+-------------------------------------------------------+
Outputs & filters:
0 - output([UNION_ALL(0)], [UNION_ALL(1)], [UNION_ALL(2)], [UNION_ALL(3)])
1 - output([UNION_ALL(0)], [UNION_ALL(1)], [UNION_ALL(2)], [UNION_ALL(3)])
2 - output([t29.c2], [t29.c3], [t29.c1], [t29.c2])
sort_keys([t29.c2 DESC], [t29.c3 DESC], [t29.c1 DESC], [t29.c2 ASC])
3 - output([t29.c2], [t29.c3], [t29.c1])
access([t29.c2], [t29.c3], [t29.c1])
4 - output([INTERSECT(0)], [INTERSECT(1)], [INTERSECT(2)], [INTERSECT(3)])
5 - output([t30.c1], [t30.c3], [t30.c3], [t30.c3])
sort_keys([t30.c1 ASC], [t30.c3 DESC], [t30.c3 DESC], [t30.c3 DESC])
6 - output([t30.c1], [t30.c3])
access([t30.c1], [t30.c3])
7 - output([UNION(0)], [UNION(1)], [UNION(2)], [UNION(3)])
8 - output([t31.c1], [t31.c3], [t31.c2], [t31.c3])
sort_keys([t31.c1 DESC], [t31.c3 DESC], [t31.c2 ASC], [t31.c3 DESC])
9 - output([t31.c1], [t31.c3], [t31.c2])
access([t31.c1], [t31.c3], [t31.c2])
10 - output([EXCEPT(0)], [EXCEPT(1)], [EXCEPT(2)], [EXCEPT(3)])
11 - output([t32.c2], [t32.c2], [t32.c3], [t32.c3])
sort_keys([t32.c2 ASC], [t32.c2 DESC], [t32.c3 ASC], [t32.c3 ASC])
12 - output([t32.c2], [t32.c3])
access([t32.c2], [t32.c3])
13 - output([UNION(0)], [UNION(1)], [UNION(2)], [UNION(3)])
14 - output([UNION_ALL(0)], [UNION_ALL(1)], [UNION_ALL(2)], [UNION_ALL(3)])
15 - output([t33.c3], [t33.c1], [t33.c1], [t33.c2])
sort_keys([t33.c3 DESC], [t33.c1 ASC], [t33.c1 ASC], [t33.c2 ASC])
16 - output([t33.c3], [t33.c1], [t33.c2])
access([t33.c3], [t33.c1], [t33.c2])
17 - output([t34.c4], [t34.c3], [t34.c1], [t34.c4])
sort_keys([t34.c4 ASC], [t34.c3 ASC], [t34.c1 DESC], [t34.c4 ASC])
18 - output([t34.c4], [t34.c3], [t34.c1])
access([t34.c4], [t34.c3], [t34.c1])
19 - output([INTERSECT(0)], [INTERSECT(1)], [INTERSECT(2)], [INTERSECT(3)])
20 - output([INTERSECT(0)], [INTERSECT(1)], [INTERSECT(2)], [INTERSECT(3)])
21 - output([UNION(0)], [UNION(1)], [UNION(2)], [UNION(3)])
22 - output([UNION_ALL(0)], [UNION_ALL(1)], [UNION_ALL(2)], [UNION_ALL(3)])
23 - output([UNION(0)], [UNION(1)], [UNION(2)], [UNION(3)])
24 - output([t35.c2], [t35.c2], [t35.c3], [t35.c3])
sort_keys([t35.c2 DESC], [t35.c2 ASC], [t35.c3 ASC], [t35.c3 ASC])
25 - output([t35.c2], [t35.c3])
access([t35.c2], [t35.c3])
26 - output([t36.c3], [t36.c3], [t36.c1], [t36.c2])
sort_keys([t36.c3 ASC], [t36.c3 ASC], [t36.c1 DESC], [t36.c2 ASC])
27 - output([t36.c3], [t36.c1], [t36.c2])
access([t36.c3], [t36.c1], [t36.c2])
28 - output([t37.c3], [t37.c3], [t37.c4], [t37.c1])
sort_keys([t37.c3 DESC], [t37.c3 ASC], [t37.c4 ASC], [t37.c1 ASC])
29 - output([t37.c3], [t37.c4], [t37.c1])
access([t37.c3], [t37.c4], [t37.c1])
30 - output([UNION_ALL(0)], [UNION_ALL(1)], [UNION_ALL(2)], [UNION_ALL(3)])
31 - output([t38.c1], [t38.c1], [t38.c2], [t38.c1])
sort_keys([t38.c1 DESC], [t38.c1 ASC], [t38.c2 DESC], [t38.c1 DESC])
32 - output([t38.c1], [t38.c2])
access([t38.c1], [t38.c2])
33 - output([t39.c1], [t39.c4], [t39.c3], [t39.c1])
sort_keys([t39.c1 DESC], [t39.c4 DESC], [t39.c3 ASC], [t39.c1 ASC])
34 - output([t39.c1], [t39.c4], [t39.c3])
access([t39.c1], [t39.c4], [t39.c3])
35 - output([UNION(0)], [UNION(1)], [UNION(2)], [UNION(3)])
36 - output([t40.c4], [t40.c1], [t40.c3], [t40.c2])
sort_keys([t40.c4 DESC], [t40.c1 DESC], [t40.c3 DESC], [t40.c2 ASC])
37 - output([t40.c4], [t40.c1], [t40.c3], [t40.c2])
access([t40.c4], [t40.c1], [t40.c3], [t40.c2])
38 - output([t41.c2], [t41.c3], [t41.c4], [t41.c4])
sort_keys([t41.c2 DESC], [t41.c3 ASC], [t41.c4 DESC], [t41.c4 ASC])
39 - output([t41.c2], [t41.c3], [t41.c4])
access([t41.c2], [t41.c3], [t41.c4])
40 - output([UNION(0)], [UNION(1)], [UNION(2)], [UNION(3)])
41 - output([EXCEPT(0)], [EXCEPT(1)], [EXCEPT(2)], [EXCEPT(3)])
42 - output([t42.c2], [t42.c3], [t42.c4], [t42.c2])
sort_keys([t42.c2 ASC], [t42.c3 DESC], [t42.c4 DESC], [t42.c2 DESC])
43 - output([t42.c2], [t42.c3], [t42.c4])
access([t42.c2], [t42.c3], [t42.c4])
44 - output([UNION_ALL(0)], [UNION_ALL(1)], [UNION_ALL(2)], [UNION_ALL(3)])
45 - output([t43.c2], [t43.c3], [t43.c3], [t43.c2])
sort_keys([t43.c2 ASC], [t43.c3 ASC], [t43.c3 ASC], [t43.c2 DESC])
46 - output([t43.c2], [t43.c3])
access([t43.c2], [t43.c3])
47 - output([t44.c2], [t44.c1], [t44.c2], [t44.c3])
sort_keys([t44.c2 DESC], [t44.c1 DESC], [t44.c2 ASC], [t44.c3 ASC])
48 - output([t44.c2], [t44.c1], [t44.c3])
access([t44.c2], [t44.c1], [t44.c3])
49 - output([t45.c2], [t45.c2], [t45.c3], [t45.c1])
sort_keys([t45.c2 ASC], [t45.c2 DESC], [t45.c3 ASC], [t45.c1 ASC])
50 - output([t45.c2], [t45.c3], [t45.c1])
access([t45.c2], [t45.c3], [t45.c1])
51 - output([INTERSECT(0)], [INTERSECT(1)], [INTERSECT(2)], [INTERSECT(3)])
52 - output([INTERSECT(0)], [INTERSECT(1)], [INTERSECT(2)], [INTERSECT(3)])
53 - output([t46.c1], [t46.c3], [t46.c2], [t46.c4])
sort_keys([t46.c1 ASC], [t46.c3 ASC], [t46.c2 ASC], [t46.c4 DESC])
54 - output([t46.c1], [t46.c3], [t46.c2], [t46.c4])
access([t46.c1], [t46.c3], [t46.c2], [t46.c4])
55 - output([t47.c2], [t47.c2], [t47.c1], [t47.c2])
sort_keys([t47.c2 ASC], [t47.c2 DESC], [t47.c1 ASC], [t47.c2 ASC])
56 - output([t47.c2], [t47.c1])
access([t47.c2], [t47.c1])
57 - output([t48.c2], [t48.c2], [t48.c2], [t48.c2])
sort_keys([t48.c2 ASC], [t48.c2 ASC], [t48.c2 DESC], [t48.c2 DESC])
58 - output([t48.c2])
access([t48.c2])

outline:
/*+
BEGIN_OUTLINE_DATA
END_OUTLINE_DATA
*/

((SELECT  T29.C2 AS C1, T29.C3 AS C2, T29.C1 AS C3, T29.C2 AS C4 FROM T2 T29    ORDER BY 1 DESC ,2 DESC ,3 DESC ,4 ASC  ) UNION ALL ((SELECT  T30.C1 AS C1, T30.C3 AS C2, T30.C3 AS C3, T30.C3 AS C4 FROM T2 T30    ORDER BY 1 ASC ,2 DESC ,3 DESC ,4 DESC  ) INTERSECT ((SELECT  T31.C1 AS C1, T31.C3 AS C2, T31.C2 AS C3, T31.C3 AS C4 FROM T1 T31    ORDER BY 1 DESC ,2 DESC ,3 ASC ,4 DESC  ) UNION ((SELECT  T32.C2 AS C1, T32.C2 AS C2, T32.C3 AS C3, T32.C3 AS C4 FROM T1 T32    ORDER BY 1 ASC ,2 DESC ,3 ASC ,4 ASC  ) EXCEPT (((SELECT  T33.C3 AS C1, T33.C1 AS C2, T33.C1 AS C3, T33.C2 AS C4 FROM T1 T33    ORDER BY 1 DESC ,2 ASC ,3 ASC ,4 ASC  ) UNION ALL (SELECT  T34.C4 AS C1, T34.C3 AS C2, T34.C1 AS C3, T34.C4 AS C4 FROM T1 T34    ORDER BY 1 ASC ,2 ASC ,3 DESC ,4 ASC  )) UNION ((((((SELECT  T35.C2 AS C1, T35.C2 AS C2, T35.C3 AS C3, T35.C3 AS C4 FROM T2 T35    ORDER BY 1 DESC ,2 ASC ,3 ASC ,4 ASC  ) UNION (SELECT  T36.C3 AS C1, T36.C3 AS C2, T36.C1 AS C3, T36.C2 AS C4 FROM T1 T36    ORDER BY 1 ASC ,2 ASC ,3 DESC ,4 ASC  )) UNION ALL (SELECT  T37.C3 AS C1, T37.C3 AS C2, T37.C4 AS C3, T37.C1 AS C4 FROM T2 T37    ORDER BY 1 DESC ,2 ASC ,3 ASC ,4 ASC  )) UNION ((SELECT  T38.C1 AS C1, T38.C1 AS C2, T38.C2 AS C3, T38.C1 AS C4 FROM T2 T38    ORDER BY 1 DESC ,2 ASC ,3 DESC ,4 DESC  ) UNION ALL (SELECT  T39.C1 AS C1, T39.C4 AS C2, T39.C3 AS C3, T39.C1 AS C4 FROM T2 T39    ORDER BY 1 DESC ,2 DESC ,3 ASC ,4 ASC  ))) INTERSECT ((SELECT  T40.C4 AS C1, T40.C1 AS C2, T40.C3 AS C3, T40.C2 AS C4 FROM T1 T40    ORDER BY 1 DESC ,2 DESC ,3 DESC ,4 ASC  ) UNION (SELECT  T41.C2 AS C1, T41.C3 AS C2, T41.C4 AS C3, T41.C4 AS C4 FROM T2 T41    ORDER BY 1 DESC ,2 ASC ,3 DESC ,4 ASC  ))) INTERSECT (((SELECT  T42.C2 AS C1, T42.C3 AS C2, T42.C4 AS C3, T42.C2 AS C4 FROM T1 T42    ORDER BY 1 ASC ,2 DESC ,3 DESC ,4 DESC  ) EXCEPT ((SELECT  T43.C2 AS C1, T43.C3 AS C2, T43.C3 AS C3, T43.C2 AS C4 FROM T1 T43    ORDER BY 1 ASC ,2 ASC ,3 ASC ,4 DESC  ) UNION ALL (SELECT  T44.C2 AS C1, T44.C1 AS C2, T44.C2 AS C3, T44.C3 AS C4 FROM T1 T44    ORDER BY 1 DESC ,2 DESC ,3 ASC ,4 ASC  ))) UNION (SELECT  T45.C2 AS C1, T45.C2 AS C2, T45.C3 AS C3, T45.C1 AS C4 FROM T2 T45    ORDER BY 1 ASC ,2 DESC ,3 ASC ,4 ASC  )))))))) UNION ALL (((SELECT  T46.C1 AS C1, T46.C3 AS C2, T46.C2 AS C3, T46.C4 AS C4 FROM T1 T46    ORDER BY 1 ASC ,2 ASC ,3 ASC ,4 DESC  ) INTERSECT (SELECT  T47.C2 AS C1, T47.C2 AS C2, T47.C1 AS C3, T47.C2 AS C4 FROM T1 T47    ORDER BY 1 ASC ,2 DESC ,3 ASC ,4 ASC  )) INTERSECT (SELECT  T48.C2 AS C1, T48.C2 AS C2, T48.C2 AS C3, T48.C2 AS C4 FROM T1 T48    ORDER BY 1 ASC ,2 ASC ,3 DESC ,4 DESC  ))

+------+------+------+------+
| c1   | c2   | c3   | c4   |
+------+------+------+------+
| 7    | 6    | 7    | 7    |
| 7    | 2    | 8    | 7    |
| 6    | 5    | 5    | 6    |
| 6    | 3    | 2    | 6    |
| 6    | 3    | 2    | 6    |
| 5    | 4    | 2    | 5    |
| 1    | 9    | 0    | 1    |
| 1    | 1    | 6    | 1    |
| 0    | 6    | 0    | 0    |
| 0    | 2    | 9    | 0    |
+------+------+------+------+
10 rows in set

EXPLAIN (SELECT  T49.C3 AS C1, T49.C4 AS C2, T49.C1 AS C3, T49.C2 AS C4 FROM T2 T49    ORDER BY 1 DESC ,2 DESC ,3 ASC ,4 DESC  ) UNION (SELECT  T50.C2 AS C1, T50.C3 AS C2, T50.C2 AS C3, T50.C4 AS C4 FROM T2 T50    ORDER BY 1 ASC ,2 ASC ,3 ASC ,4 DESC  )

Query Plan:
+---------------------------------------------+
| ID | OPERATOR     | NAME | ROW COUNT | COST |
+---------------------------------------------+
| 0  | UNION        |      | 2         | 8    |
| 1  |  SORT        |      | 1         | 4    |
| 2  |   TABLE SCAN | T49  | 1         | 4    |
| 3  |  SORT        |      | 1         | 4    |
| 4  |   TABLE SCAN | T50  | 1         | 4    |
+---------------------------------------------+
Outputs & filters:
0 - output([UNION(0)], [UNION(1)], [UNION(2)], [UNION(3)])
1 - output([t49.c3], [t49.c4], [t49.c1], [t49.c2])
sort_keys([t49.c3 DESC], [t49.c4 DESC], [t49.c1 ASC], [t49.c2 DESC])
2 - output([t49.c3], [t49.c4], [t49.c1], [t49.c2])
access([t49.c3], [t49.c4], [t49.c1], [t49.c2])
3 - output([t50.c2], [t50.c3], [t50.c2], [t50.c4])
sort_keys([t50.c2 ASC], [t50.c3 ASC], [t50.c2 ASC], [t50.c4 DESC])
4 - output([t50.c2], [t50.c3], [t50.c4])
access([t50.c2], [t50.c3], [t50.c4])

outline:
/*+
BEGIN_OUTLINE_DATA
END_OUTLINE_DATA
*/

(SELECT  T49.C3 AS C1, T49.C4 AS C2, T49.C1 AS C3, T49.C2 AS C4 FROM T2 T49    ORDER BY 1 DESC ,2 DESC ,3 ASC ,4 DESC  ) UNION (SELECT  T50.C2 AS C1, T50.C3 AS C2, T50.C2 AS C3, T50.C4 AS C4 FROM T2 T50    ORDER BY 1 ASC ,2 ASC ,3 ASC ,4 DESC  )

+------+------+------+------+
| c1   | c2   | c3   | c4   |
+------+------+------+------+
| 9    | 4    | 0    | 1    |
| 6    | 5    | 7    | 7    |
| 6    | 4    | 0    | 0    |
| 5    | 6    | 5    | 6    |
| 4    | 2    | 2    | 5    |
| 3    | 7    | 2    | 6    |
| 3    | 2    | 2    | 6    |
| 2    | 5    | 8    | 7    |
| 2    | 3    | 9    | 0    |
| 1    | 8    | 6    | 1    |
| 0    | 2    | 0    | 3    |
| 0    | 6    | 0    | 4    |
| 1    | 1    | 1    | 8    |
| 1    | 9    | 1    | 4    |
| 5    | 4    | 5    | 2    |
| 6    | 3    | 6    | 7    |
| 6    | 3    | 6    | 2    |
| 6    | 5    | 6    | 6    |
| 7    | 2    | 7    | 5    |
| 7    | 6    | 7    | 5    |
+------+------+------+------+
20 rows in set

EXPLAIN (((((SELECT  T51.C2 AS C1, T51.C3 AS C2, T51.C2 AS C3, T51.C4 AS C4 FROM T2 T51    ORDER BY 1 ASC ,2 DESC ,3 DESC ,4 ASC  ) EXCEPT ((SELECT  T52.C1 AS C1, T52.C2 AS C2, T52.C4 AS C3, T52.C1 AS C4 FROM T2 T52    ORDER BY 1 DESC ,2 ASC ,3 DESC ,4 ASC  ) UNION (SELECT  T53.C4 AS C1, T53.C1 AS C2, T53.C3 AS C3, T53.C2 AS C4 FROM T2 T53    ORDER BY 1 DESC ,2 ASC ,3 ASC ,4 DESC  ))) INTERSECT (SELECT  T54.C2 AS C1, T54.C2 AS C2, T54.C2 AS C3, T54.C2 AS C4 FROM T1 T54    ORDER BY 1 ASC ,2 DESC ,3 DESC ,4 DESC  )) EXCEPT (((SELECT  T55.C1 AS C1, T55.C4 AS C2, T55.C1 AS C3, T55.C2 AS C4 FROM T2 T55    ORDER BY 1 DESC ,2 ASC ,3 DESC ,4 ASC  ) EXCEPT (SELECT  T56.C2 AS C1, T56.C4 AS C2, T56.C1 AS C3, T56.C3 AS C4 FROM T2 T56    ORDER BY 1 ASC ,2 DESC ,3 DESC ,4 ASC  )) UNION ((SELECT  T57.C1 AS C1, T57.C3 AS C2, T57.C1 AS C3, T57.C2 AS C4 FROM T2 T57    ORDER BY 1 ASC ,2 ASC ,3 DESC ,4 ASC  ) EXCEPT (SELECT  T58.C4 AS C1, T58.C4 AS C2, T58.C3 AS C3, T58.C1 AS C4 FROM T1 T58    ORDER BY 1 DESC ,2 DESC ,3 DESC ,4 DESC  )))) EXCEPT (((((SELECT  T59.C3 AS C1, T59.C1 AS C2, T59.C2 AS C3, T59.C3 AS C4 FROM T2 T59    ORDER BY 1 DESC ,2 DESC ,3 DESC ,4 ASC  ) EXCEPT (((SELECT  T60.C3 AS C1, T60.C3 AS C2, T60.C1 AS C3, T60.C1 AS C4 FROM T1 T60    ORDER BY 1 DESC ,2 DESC ,3 ASC ,4 ASC  ) UNION ((SELECT  T61.C2 AS C1, T61.C2 AS C2, T61.C4 AS C3, T61.C2 AS C4 FROM T1 T61    ORDER BY 1 ASC ,2 DESC ,3 DESC ,4 DESC  ) UNION ((SELECT  T62.C4 AS C1, T62.C4 AS C2, T62.C1 AS C3, T62.C1 AS C4 FROM T1 T62    ORDER BY 1 ASC ,2 DESC ,3 ASC ,4 ASC  ) UNION (SELECT  T63.C2 AS C1, T63.C2 AS C2, T63.C4 AS C3, T63.C1 AS C4 FROM T2 T63    ORDER BY 1 DESC ,2 ASC ,3 ASC ,4 ASC  )))) EXCEPT (SELECT  T64.C1 AS C1, T64.C4 AS C2, T64.C1 AS C3, T64.C1 AS C4 FROM T1 T64    ORDER BY 1 ASC ,2 DESC ,3 DESC ,4 ASC  ))) UNION (SELECT  T65.C4 AS C1, T65.C3 AS C2, T65.C2 AS C3, T65.C4 AS C4 FROM T2 T65    ORDER BY 1 ASC ,2 DESC ,3 DESC ,4 DESC  )) INTERSECT (SELECT  T66.C1 AS C1, T66.C3 AS C2, T66.C4 AS C3, T66.C4 AS C4 FROM T2 T66    ORDER BY 1 DESC ,2 ASC ,3 ASC ,4 ASC  )) INTERSECT ((((((SELECT  T67.C4 AS C1, T67.C4 AS C2, T67.C3 AS C3, T67.C4 AS C4 FROM T2 T67    ORDER BY 1 DESC ,2 DESC ,3 ASC ,4 ASC  ) EXCEPT (((SELECT  T68.C4 AS C1, T68.C2 AS C2, T68.C4 AS C3, T68.C3 AS C4 FROM T2 T68    ORDER BY 1 DESC ,2 ASC ,3 DESC ,4 ASC  ) UNION ALL ((SELECT  T69.C3 AS C1, T69.C4 AS C2, T69.C3 AS C3, T69.C3 AS C4 FROM T2 T69    ORDER BY 1 DESC ,2 ASC ,3 DESC ,4 ASC  ) UNION ALL (SELECT  T70.C2 AS C1, T70.C2 AS C2, T70.C3 AS C3, T70.C4 AS C4 FROM T1 T70    ORDER BY 1 ASC ,2 ASC ,3 ASC ,4 ASC  ))) UNION ALL (SELECT  T71.C1 AS C1, T71.C4 AS C2, T71.C1 AS C3, T71.C3 AS C4 FROM T2 T71    ORDER BY 1 ASC ,2 DESC ,3 ASC ,4 ASC  ))) UNION ((SELECT  T72.C4 AS C1, T72.C4 AS C2, T72.C1 AS C3, T72.C4 AS C4 FROM T2 T72    ORDER BY 1 DESC ,2 DESC ,3 DESC ,4 ASC  ) INTERSECT (SELECT  T73.C1 AS C1, T73.C3 AS C2, T73.C1 AS C3, T73.C4 AS C4 FROM T2 T73    ORDER BY 1 ASC ,2 ASC ,3 ASC ,4 ASC  ))) UNION ALL (SELECT  T74.C2 AS C1, T74.C3 AS C2, T74.C4 AS C3, T74.C2 AS C4 FROM T2 T74    ORDER BY 1 ASC ,2 ASC ,3 DESC ,4 ASC  )) UNION ALL ((SELECT  T75.C4 AS C1, T75.C3 AS C2, T75.C3 AS C3, T75.C4 AS C4 FROM T2 T75    ORDER BY 1 ASC ,2 ASC ,3 DESC ,4 DESC  ) INTERSECT (SELECT  T76.C2 AS C1, T76.C2 AS C2, T76.C4 AS C3, T76.C3 AS C4 FROM T1 T76    ORDER BY 1 ASC ,2 DESC ,3 DESC ,4 DESC  ))) INTERSECT (((((SELECT  T77.C3 AS C1, T77.C2 AS C2, T77.C1 AS C3, T77.C4 AS C4 FROM T2 T77    ORDER BY 1 DESC ,2 DESC ,3 DESC ,4 ASC  ) EXCEPT ((SELECT  T78.C1 AS C1, T78.C3 AS C2, T78.C3 AS C3, T78.C2 AS C4 FROM T1 T78    ORDER BY 1 DESC ,2 ASC ,3 ASC ,4 ASC  ) INTERSECT (SELECT  T79.C4 AS C1, T79.C3 AS C2, T79.C2 AS C3, T79.C2 AS C4 FROM T2 T79    ORDER BY 1 ASC ,2 ASC ,3 DESC ,4 DESC  ))) UNION ALL (SELECT  T80.C1 AS C1, T80.C1 AS C2, T80.C4 AS C3, T80.C1 AS C4 FROM T2 T80    ORDER BY 1 DESC ,2 ASC ,3 DESC ,4 DESC  )) INTERSECT (SELECT  T81.C2 AS C1, T81.C3 AS C2, T81.C3 AS C3, T81.C2 AS C4 FROM T2 T81    ORDER BY 1 ASC ,2 DESC ,3 ASC ,4 DESC  )) INTERSECT ((SELECT  T82.C3 AS C1, T82.C4 AS C2, T82.C3 AS C3, T82.C2 AS C4 FROM T1 T82    ORDER BY 1 ASC ,2 ASC ,3 ASC ,4 DESC  ) UNION (SELECT  T83.C3 AS C1, T83.C4 AS C2, T83.C2 AS C3, T83.C1 AS C4 FROM T2 T83    ORDER BY 1 ASC ,2 ASC ,3 ASC ,4 DESC  )))))) UNION ALL (SELECT  T84.C4 AS C1, T84.C1 AS C2, T84.C3 AS C3, T84.C3 AS C4 FROM T2 T84    ORDER BY 1 DESC ,2 DESC ,3 DESC ,4 DESC  )

Query Plan:
+--------------------------------------------------------+
| ID  | OPERATOR               | NAME | ROW COUNT | COST |
+--------------------------------------------------------+
| 0   | UNION_ALL              |      | 34        | 156  |
| 1   |  EXCEPT                |      | 33        | 151  |
| 2   |   EXCEPT               |      | 8         | 35   |
| 3   |    INTERSECT           |      | 4         | 17   |
| 4   |     EXCEPT             |      | 3         | 13   |
| 5   |      SORT              |      | 1         | 4    |
| 6   |       TABLE SCAN       | T51  | 1         | 4    |
| 7   |      UNION             |      | 2         | 8    |
| 8   |       SORT             |      | 1         | 4    |
| 9   |        TABLE SCAN      | T52  | 1         | 4    |
| 10  |       SORT             |      | 1         | 4    |
| 11  |        TABLE SCAN      | T53  | 1         | 4    |
| 12  |     SORT               |      | 1         | 4    |
| 13  |      TABLE SCAN        | T54  | 1         | 4    |
| 14  |    UNION               |      | 4         | 17   |
| 15  |     EXCEPT             |      | 2         | 8    |
| 16  |      SORT              |      | 1         | 4    |
| 17  |       TABLE SCAN       | T55  | 1         | 4    |
| 18  |      SORT              |      | 1         | 4    |
| 19  |       TABLE SCAN       | T56  | 1         | 4    |
| 20  |     EXCEPT             |      | 2         | 8    |
| 21  |      SORT              |      | 1         | 4    |
| 22  |       TABLE SCAN       | T57  | 1         | 4    |
| 23  |      SORT              |      | 1         | 4    |
| 24  |       TABLE SCAN       | T58  | 1         | 4    |
| 25  |   INTERSECT            |      | 25        | 113  |
| 26  |    INTERSECT           |      | 8         | 36   |
| 27  |     UNION              |      | 7         | 31   |
| 28  |      EXCEPT            |      | 6         | 26   |
| 29  |       SORT             |      | 1         | 4    |
| 30  |        TABLE SCAN      | T59  | 1         | 4    |
| 31  |       EXCEPT           |      | 5         | 22   |
| 32  |        UNION           |      | 4         | 17   |
| 33  |         SORT           |      | 1         | 4    |
| 34  |          TABLE SCAN    | T60  | 1         | 4    |
| 35  |         UNION          |      | 3         | 13   |
| 36  |          SORT          |      | 1         | 4    |
| 37  |           TABLE SCAN   | T61  | 1         | 4    |
| 38  |          UNION         |      | 2         | 8    |
| 39  |           SORT         |      | 1         | 4    |
| 40  |            TABLE SCAN  | T62  | 1         | 4    |
| 41  |           SORT         |      | 1         | 4    |
| 42  |            TABLE SCAN  | T63  | 1         | 4    |
| 43  |        SORT            |      | 1         | 4    |
| 44  |         TABLE SCAN     | T64  | 1         | 4    |
| 45  |      SORT              |      | 1         | 4    |
| 46  |       TABLE SCAN       | T65  | 1         | 4    |
| 47  |     SORT               |      | 1         | 4    |
| 48  |      TABLE SCAN        | T66  | 1         | 4    |
| 49  |    INTERSECT           |      | 17        | 75   |
| 50  |     UNION_ALL          |      | 10        | 44   |
| 51  |      UNION_ALL         |      | 8         | 35   |
| 52  |       UNION            |      | 7         | 30   |
| 53  |        EXCEPT          |      | 5         | 21   |
| 54  |         SORT           |      | 1         | 4    |
| 55  |          TABLE SCAN    | T67  | 1         | 4    |
| 56  |         UNION_ALL      |      | 4         | 17   |
| 57  |          UNION_ALL     |      | 3         | 12   |
| 58  |           SORT         |      | 1         | 4    |
| 59  |            TABLE SCAN  | T68  | 1         | 4    |
| 60  |           UNION_ALL    |      | 2         | 8    |
| 61  |            SORT        |      | 1         | 4    |
| 62  |             TABLE SCAN | T69  | 1         | 4    |
| 63  |            SORT        |      | 1         | 4    |
| 64  |             TABLE SCAN | T70  | 1         | 4    |
| 65  |          SORT          |      | 1         | 4    |
| 66  |           TABLE SCAN   | T71  | 1         | 4    |
| 67  |        INTERSECT       |      | 2         | 8    |
| 68  |         SORT           |      | 1         | 4    |
| 69  |          TABLE SCAN    | T72  | 1         | 4    |
| 70  |         SORT           |      | 1         | 4    |
| 71  |          TABLE SCAN    | T73  | 1         | 4    |
| 72  |       SORT             |      | 1         | 4    |
| 73  |        TABLE SCAN      | T74  | 1         | 4    |
| 74  |      INTERSECT         |      | 2         | 8    |
| 75  |       SORT             |      | 1         | 4    |
| 76  |        TABLE SCAN      | T75  | 1         | 4    |
| 77  |       SORT             |      | 1         | 4    |
| 78  |        TABLE SCAN      | T76  | 1         | 4    |
| 79  |     INTERSECT          |      | 7         | 30   |
| 80  |      INTERSECT         |      | 5         | 21   |
| 81  |       UNION_ALL        |      | 4         | 17   |
| 82  |        EXCEPT          |      | 3         | 13   |
| 83  |         SORT           |      | 1         | 4    |
| 84  |          TABLE SCAN    | T77  | 1         | 4    |
| 85  |         INTERSECT      |      | 2         | 8    |
| 86  |          SORT          |      | 1         | 4    |
| 87  |           TABLE SCAN   | T78  | 1         | 4    |
| 88  |          SORT          |      | 1         | 4    |
| 89  |           TABLE SCAN   | T79  | 1         | 4    |
| 90  |        SORT            |      | 1         | 4    |
| 91  |         TABLE SCAN     | T80  | 1         | 4    |
| 92  |       SORT             |      | 1         | 4    |
| 93  |        TABLE SCAN      | T81  | 1         | 4    |
| 94  |      UNION             |      | 2         | 8    |
| 95  |       SORT             |      | 1         | 4    |
| 96  |        TABLE SCAN      | T82  | 1         | 4    |
| 97  |       SORT             |      | 1         | 4    |
| 98  |        TABLE SCAN      | T83  | 1         | 4    |
| 99  |  SORT                  |      | 1         | 4    |
| 100 |   TABLE SCAN           | T84  | 1         | 4    |
+--------------------------------------------------------+
Outputs & filters:
0 - output([UNION_ALL(0)], [UNION_ALL(1)], [UNION_ALL(2)], [UNION_ALL(3)])
1 - output([EXCEPT(0)], [EXCEPT(1)], [EXCEPT(2)], [EXCEPT(3)])
2 - output([EXCEPT(0)], [EXCEPT(1)], [EXCEPT(2)], [EXCEPT(3)])
3 - output([INTERSECT(0)], [INTERSECT(1)], [INTERSECT(2)], [INTERSECT(3)])
4 - output([EXCEPT(0)], [EXCEPT(1)], [EXCEPT(2)], [EXCEPT(3)])
5 - output([t51.c2], [t51.c3], [t51.c2], [t51.c4])
sort_keys([t51.c2 ASC], [t51.c3 DESC], [t51.c2 DESC], [t51.c4 ASC])
6 - output([t51.c2], [t51.c3], [t51.c4])
access([t51.c2], [t51.c3], [t51.c4])
7 - output([UNION(0)], [UNION(1)], [UNION(2)], [UNION(3)])
8 - output([t52.c1], [t52.c2], [t52.c4], [t52.c1])
sort_keys([t52.c1 DESC], [t52.c2 ASC], [t52.c4 DESC], [t52.c1 ASC])
9 - output([t52.c1], [t52.c2], [t52.c4])
access([t52.c1], [t52.c2], [t52.c4])
10 - output([t53.c4], [t53.c1], [t53.c3], [t53.c2])
sort_keys([t53.c4 DESC], [t53.c1 ASC], [t53.c3 ASC], [t53.c2 DESC])
11 - output([t53.c4], [t53.c1], [t53.c3], [t53.c2])
access([t53.c4], [t53.c1], [t53.c3], [t53.c2])
12 - output([t54.c2], [t54.c2], [t54.c2], [t54.c2])
sort_keys([t54.c2 ASC], [t54.c2 DESC], [t54.c2 DESC], [t54.c2 DESC])
13 - output([t54.c2])
access([t54.c2])
14 - output([UNION(0)], [UNION(1)], [UNION(2)], [UNION(3)])
15 - output([EXCEPT(0)], [EXCEPT(1)], [EXCEPT(2)], [EXCEPT(3)])
16 - output([t55.c1], [t55.c4], [t55.c1], [t55.c2])
sort_keys([t55.c1 DESC], [t55.c4 ASC], [t55.c1 DESC], [t55.c2 ASC])
17 - output([t55.c1], [t55.c4], [t55.c2])
access([t55.c1], [t55.c4], [t55.c2])
18 - output([t56.c2], [t56.c4], [t56.c1], [t56.c3])
sort_keys([t56.c2 ASC], [t56.c4 DESC], [t56.c1 DESC], [t56.c3 ASC])
19 - output([t56.c2], [t56.c4], [t56.c1], [t56.c3])
access([t56.c2], [t56.c4], [t56.c1], [t56.c3])
20 - output([EXCEPT(0)], [EXCEPT(1)], [EXCEPT(2)], [EXCEPT(3)])
21 - output([t57.c1], [t57.c3], [t57.c1], [t57.c2])
sort_keys([t57.c1 ASC], [t57.c3 ASC], [t57.c1 DESC], [t57.c2 ASC])
22 - output([t57.c1], [t57.c3], [t57.c2])
access([t57.c1], [t57.c3], [t57.c2])
23 - output([t58.c4], [t58.c4], [t58.c3], [t58.c1])
sort_keys([t58.c4 DESC], [t58.c4 DESC], [t58.c3 DESC], [t58.c1 DESC])
24 - output([t58.c4], [t58.c3], [t58.c1])
access([t58.c4], [t58.c3], [t58.c1])
25 - output([INTERSECT(0)], [INTERSECT(1)], [INTERSECT(2)], [INTERSECT(3)])
26 - output([INTERSECT(0)], [INTERSECT(1)], [INTERSECT(2)], [INTERSECT(3)])
27 - output([UNION(0)], [UNION(1)], [UNION(2)], [UNION(3)])
28 - output([EXCEPT(0)], [EXCEPT(1)], [EXCEPT(2)], [EXCEPT(3)])
29 - output([t59.c3], [t59.c1], [t59.c2], [t59.c3])
sort_keys([t59.c3 DESC], [t59.c1 DESC], [t59.c2 DESC], [t59.c3 ASC])
30 - output([t59.c3], [t59.c1], [t59.c2])
access([t59.c3], [t59.c1], [t59.c2])
31 - output([EXCEPT(0)], [EXCEPT(1)], [EXCEPT(2)], [EXCEPT(3)])
32 - output([UNION(0)], [UNION(1)], [UNION(2)], [UNION(3)])
33 - output([t60.c3], [t60.c3], [t60.c1], [t60.c1])
sort_keys([t60.c3 DESC], [t60.c3 DESC], [t60.c1 ASC], [t60.c1 ASC])
34 - output([t60.c3], [t60.c1])
access([t60.c3], [t60.c1])
35 - output([UNION(0)], [UNION(1)], [UNION(2)], [UNION(3)])
36 - output([t61.c2], [t61.c2], [t61.c4], [t61.c2])
sort_keys([t61.c2 ASC], [t61.c2 DESC], [t61.c4 DESC], [t61.c2 DESC])
37 - output([t61.c2], [t61.c4])
access([t61.c2], [t61.c4])
38 - output([UNION(0)], [UNION(1)], [UNION(2)], [UNION(3)])
39 - output([t62.c4], [t62.c4], [t62.c1], [t62.c1])
sort_keys([t62.c4 ASC], [t62.c4 DESC], [t62.c1 ASC], [t62.c1 ASC])
40 - output([t62.c4], [t62.c1])
access([t62.c4], [t62.c1])
41 - output([t63.c2], [t63.c2], [t63.c4], [t63.c1])
sort_keys([t63.c2 DESC], [t63.c2 ASC], [t63.c4 ASC], [t63.c1 ASC])
42 - output([t63.c2], [t63.c4], [t63.c1])
access([t63.c2], [t63.c4], [t63.c1])
43 - output([t64.c1], [t64.c4], [t64.c1], [t64.c1])
sort_keys([t64.c1 ASC], [t64.c4 DESC], [t64.c1 DESC], [t64.c1 ASC])
44 - output([t64.c1], [t64.c4])
access([t64.c1], [t64.c4])
45 - output([t65.c4], [t65.c3], [t65.c2], [t65.c4])
sort_keys([t65.c4 ASC], [t65.c3 DESC], [t65.c2 DESC], [t65.c4 DESC])
46 - output([t65.c4], [t65.c3], [t65.c2])
access([t65.c4], [t65.c3], [t65.c2])
47 - output([t66.c1], [t66.c3], [t66.c4], [t66.c4])
sort_keys([t66.c1 DESC], [t66.c3 ASC], [t66.c4 ASC], [t66.c4 ASC])
48 - output([t66.c1], [t66.c3], [t66.c4])
access([t66.c1], [t66.c3], [t66.c4])
49 - output([INTERSECT(0)], [INTERSECT(1)], [INTERSECT(2)], [INTERSECT(3)])
50 - output([UNION_ALL(0)], [UNION_ALL(1)], [UNION_ALL(2)], [UNION_ALL(3)])
51 - output([UNION_ALL(0)], [UNION_ALL(1)], [UNION_ALL(2)], [UNION_ALL(3)])
52 - output([UNION(0)], [UNION(1)], [UNION(2)], [UNION(3)])
53 - output([EXCEPT(0)], [EXCEPT(1)], [EXCEPT(2)], [EXCEPT(3)])
54 - output([t67.c4], [t67.c4], [t67.c3], [t67.c4])
sort_keys([t67.c4 DESC], [t67.c4 DESC], [t67.c3 ASC], [t67.c4 ASC])
55 - output([t67.c4], [t67.c3])
access([t67.c4], [t67.c3])
56 - output([UNION_ALL(0)], [UNION_ALL(1)], [UNION_ALL(2)], [UNION_ALL(3)])
57 - output([UNION_ALL(0)], [UNION_ALL(1)], [UNION_ALL(2)], [UNION_ALL(3)])
58 - output([t68.c4], [t68.c2], [t68.c4], [t68.c3])
sort_keys([t68.c4 DESC], [t68.c2 ASC], [t68.c4 DESC], [t68.c3 ASC])
59 - output([t68.c4], [t68.c2], [t68.c3])
access([t68.c4], [t68.c2], [t68.c3])
60 - output([UNION_ALL(0)], [UNION_ALL(1)], [UNION_ALL(2)], [UNION_ALL(3)])
61 - output([t69.c3], [t69.c4], [t69.c3], [t69.c3])
sort_keys([t69.c3 DESC], [t69.c4 ASC], [t69.c3 DESC], [t69.c3 ASC])
62 - output([t69.c3], [t69.c4])
access([t69.c3], [t69.c4])
63 - output([t70.c2], [t70.c2], [t70.c3], [t70.c4])
sort_keys([t70.c2 ASC], [t70.c2 ASC], [t70.c3 ASC], [t70.c4 ASC])
64 - output([t70.c2], [t70.c3], [t70.c4])
access([t70.c2], [t70.c3], [t70.c4])
65 - output([t71.c1], [t71.c4], [t71.c1], [t71.c3])
sort_keys([t71.c1 ASC], [t71.c4 DESC], [t71.c1 ASC], [t71.c3 ASC])
66 - output([t71.c1], [t71.c4], [t71.c3])
access([t71.c1], [t71.c4], [t71.c3])
67 - output([INTERSECT(0)], [INTERSECT(1)], [INTERSECT(2)], [INTERSECT(3)])
68 - output([t72.c4], [t72.c4], [t72.c1], [t72.c4])
sort_keys([t72.c4 DESC], [t72.c4 DESC], [t72.c1 DESC], [t72.c4 ASC])
69 - output([t72.c4], [t72.c1])
access([t72.c4], [t72.c1])
70 - output([t73.c1], [t73.c3], [t73.c1], [t73.c4])
sort_keys([t73.c1 ASC], [t73.c3 ASC], [t73.c1 ASC], [t73.c4 ASC])
71 - output([t73.c1], [t73.c3], [t73.c4])
access([t73.c1], [t73.c3], [t73.c4])
72 - output([t74.c2], [t74.c3], [t74.c4], [t74.c2])
sort_keys([t74.c2 ASC], [t74.c3 ASC], [t74.c4 DESC], [t74.c2 ASC])
73 - output([t74.c2], [t74.c3], [t74.c4])
access([t74.c2], [t74.c3], [t74.c4])
74 - output([INTERSECT(0)], [INTERSECT(1)], [INTERSECT(2)], [INTERSECT(3)])
75 - output([t75.c4], [t75.c3], [t75.c3], [t75.c4])
sort_keys([t75.c4 ASC], [t75.c3 ASC], [t75.c3 DESC], [t75.c4 DESC])
76 - output([t75.c4], [t75.c3])
access([t75.c4], [t75.c3])
77 - output([t76.c2], [t76.c2], [t76.c4], [t76.c3])
sort_keys([t76.c2 ASC], [t76.c2 DESC], [t76.c4 DESC], [t76.c3 DESC])
78 - output([t76.c2], [t76.c4], [t76.c3])
access([t76.c2], [t76.c4], [t76.c3])
79 - output([INTERSECT(0)], [INTERSECT(1)], [INTERSECT(2)], [INTERSECT(3)])
80 - output([INTERSECT(0)], [INTERSECT(1)], [INTERSECT(2)], [INTERSECT(3)])
81 - output([UNION_ALL(0)], [UNION_ALL(1)], [UNION_ALL(2)], [UNION_ALL(3)])
82 - output([EXCEPT(0)], [EXCEPT(1)], [EXCEPT(2)], [EXCEPT(3)])
83 - output([t77.c3], [t77.c2], [t77.c1], [t77.c4])
sort_keys([t77.c3 DESC], [t77.c2 DESC], [t77.c1 DESC], [t77.c4 ASC])
84 - output([t77.c3], [t77.c2], [t77.c1], [t77.c4])
access([t77.c3], [t77.c2], [t77.c1], [t77.c4])
85 - output([INTERSECT(0)], [INTERSECT(1)], [INTERSECT(2)], [INTERSECT(3)])
86 - output([t78.c1], [t78.c3], [t78.c3], [t78.c2])
sort_keys([t78.c1 DESC], [t78.c3 ASC], [t78.c3 ASC], [t78.c2 ASC])
87 - output([t78.c1], [t78.c3], [t78.c2])
access([t78.c1], [t78.c3], [t78.c2])
88 - output([t79.c4], [t79.c3], [t79.c2], [t79.c2])
sort_keys([t79.c4 ASC], [t79.c3 ASC], [t79.c2 DESC], [t79.c2 DESC])
89 - output([t79.c4], [t79.c3], [t79.c2])
access([t79.c4], [t79.c3], [t79.c2])
90 - output([t80.c1], [t80.c1], [t80.c4], [t80.c1])
sort_keys([t80.c1 DESC], [t80.c1 ASC], [t80.c4 DESC], [t80.c1 DESC])
91 - output([t80.c1], [t80.c4])
access([t80.c1], [t80.c4])
92 - output([t81.c2], [t81.c3], [t81.c3], [t81.c2])
sort_keys([t81.c2 ASC], [t81.c3 DESC], [t81.c3 ASC], [t81.c2 DESC])
93 - output([t81.c2], [t81.c3])
access([t81.c2], [t81.c3])
94 - output([UNION(0)], [UNION(1)], [UNION(2)], [UNION(3)])
95 - output([t82.c3], [t82.c4], [t82.c3], [t82.c2])
sort_keys([t82.c3 ASC], [t82.c4 ASC], [t82.c3 ASC], [t82.c2 DESC])
96 - output([t82.c3], [t82.c4], [t82.c2])
access([t82.c3], [t82.c4], [t82.c2])
97 - output([t83.c3], [t83.c4], [t83.c2], [t83.c1])
sort_keys([t83.c3 ASC], [t83.c4 ASC], [t83.c2 ASC], [t83.c1 DESC])
98 - output([t83.c3], [t83.c4], [t83.c2], [t83.c1])
access([t83.c3], [t83.c4], [t83.c2], [t83.c1])
99 - output([t84.c4], [t84.c1], [t84.c3], [t84.c3])
sort_keys([t84.c4 DESC], [t84.c1 DESC], [t84.c3 DESC], [t84.c3 DESC])
100 - output([t84.c4], [t84.c1], [t84.c3])
access([t84.c4], [t84.c1], [t84.c3])

outline:
/*+
BEGIN_OUTLINE_DATA
END_OUTLINE_DATA
*/

(((((SELECT  T51.C2 AS C1, T51.C3 AS C2, T51.C2 AS C3, T51.C4 AS C4 FROM T2 T51    ORDER BY 1 ASC ,2 DESC ,3 DESC ,4 ASC  ) EXCEPT ((SELECT  T52.C1 AS C1, T52.C2 AS C2, T52.C4 AS C3, T52.C1 AS C4 FROM T2 T52    ORDER BY 1 DESC ,2 ASC ,3 DESC ,4 ASC  ) UNION (SELECT  T53.C4 AS C1, T53.C1 AS C2, T53.C3 AS C3, T53.C2 AS C4 FROM T2 T53    ORDER BY 1 DESC ,2 ASC ,3 ASC ,4 DESC  ))) INTERSECT (SELECT  T54.C2 AS C1, T54.C2 AS C2, T54.C2 AS C3, T54.C2 AS C4 FROM T1 T54    ORDER BY 1 ASC ,2 DESC ,3 DESC ,4 DESC  )) EXCEPT (((SELECT  T55.C1 AS C1, T55.C4 AS C2, T55.C1 AS C3, T55.C2 AS C4 FROM T2 T55    ORDER BY 1 DESC ,2 ASC ,3 DESC ,4 ASC  ) EXCEPT (SELECT  T56.C2 AS C1, T56.C4 AS C2, T56.C1 AS C3, T56.C3 AS C4 FROM T2 T56    ORDER BY 1 ASC ,2 DESC ,3 DESC ,4 ASC  )) UNION ((SELECT  T57.C1 AS C1, T57.C3 AS C2, T57.C1 AS C3, T57.C2 AS C4 FROM T2 T57    ORDER BY 1 ASC ,2 ASC ,3 DESC ,4 ASC  ) EXCEPT (SELECT  T58.C4 AS C1, T58.C4 AS C2, T58.C3 AS C3, T58.C1 AS C4 FROM T1 T58    ORDER BY 1 DESC ,2 DESC ,3 DESC ,4 DESC  )))) EXCEPT (((((SELECT  T59.C3 AS C1, T59.C1 AS C2, T59.C2 AS C3, T59.C3 AS C4 FROM T2 T59    ORDER BY 1 DESC ,2 DESC ,3 DESC ,4 ASC  ) EXCEPT (((SELECT  T60.C3 AS C1, T60.C3 AS C2, T60.C1 AS C3, T60.C1 AS C4 FROM T1 T60    ORDER BY 1 DESC ,2 DESC ,3 ASC ,4 ASC  ) UNION ((SELECT  T61.C2 AS C1, T61.C2 AS C2, T61.C4 AS C3, T61.C2 AS C4 FROM T1 T61    ORDER BY 1 ASC ,2 DESC ,3 DESC ,4 DESC  ) UNION ((SELECT  T62.C4 AS C1, T62.C4 AS C2, T62.C1 AS C3, T62.C1 AS C4 FROM T1 T62    ORDER BY 1 ASC ,2 DESC ,3 ASC ,4 ASC  ) UNION (SELECT  T63.C2 AS C1, T63.C2 AS C2, T63.C4 AS C3, T63.C1 AS C4 FROM T2 T63    ORDER BY 1 DESC ,2 ASC ,3 ASC ,4 ASC  )))) EXCEPT (SELECT  T64.C1 AS C1, T64.C4 AS C2, T64.C1 AS C3, T64.C1 AS C4 FROM T1 T64    ORDER BY 1 ASC ,2 DESC ,3 DESC ,4 ASC  ))) UNION (SELECT  T65.C4 AS C1, T65.C3 AS C2, T65.C2 AS C3, T65.C4 AS C4 FROM T2 T65    ORDER BY 1 ASC ,2 DESC ,3 DESC ,4 DESC  )) INTERSECT (SELECT  T66.C1 AS C1, T66.C3 AS C2, T66.C4 AS C3, T66.C4 AS C4 FROM T2 T66    ORDER BY 1 DESC ,2 ASC ,3 ASC ,4 ASC  )) INTERSECT ((((((SELECT  T67.C4 AS C1, T67.C4 AS C2, T67.C3 AS C3, T67.C4 AS C4 FROM T2 T67    ORDER BY 1 DESC ,2 DESC ,3 ASC ,4 ASC  ) EXCEPT (((SELECT  T68.C4 AS C1, T68.C2 AS C2, T68.C4 AS C3, T68.C3 AS C4 FROM T2 T68    ORDER BY 1 DESC ,2 ASC ,3 DESC ,4 ASC  ) UNION ALL ((SELECT  T69.C3 AS C1, T69.C4 AS C2, T69.C3 AS C3, T69.C3 AS C4 FROM T2 T69    ORDER BY 1 DESC ,2 ASC ,3 DESC ,4 ASC  ) UNION ALL (SELECT  T70.C2 AS C1, T70.C2 AS C2, T70.C3 AS C3, T70.C4 AS C4 FROM T1 T70    ORDER BY 1 ASC ,2 ASC ,3 ASC ,4 ASC  ))) UNION ALL (SELECT  T71.C1 AS C1, T71.C4 AS C2, T71.C1 AS C3, T71.C3 AS C4 FROM T2 T71    ORDER BY 1 ASC ,2 DESC ,3 ASC ,4 ASC  ))) UNION ((SELECT  T72.C4 AS C1, T72.C4 AS C2, T72.C1 AS C3, T72.C4 AS C4 FROM T2 T72    ORDER BY 1 DESC ,2 DESC ,3 DESC ,4 ASC  ) INTERSECT (SELECT  T73.C1 AS C1, T73.C3 AS C2, T73.C1 AS C3, T73.C4 AS C4 FROM T2 T73    ORDER BY 1 ASC ,2 ASC ,3 ASC ,4 ASC  ))) UNION ALL (SELECT  T74.C2 AS C1, T74.C3 AS C2, T74.C4 AS C3, T74.C2 AS C4 FROM T2 T74    ORDER BY 1 ASC ,2 ASC ,3 DESC ,4 ASC  )) UNION ALL ((SELECT  T75.C4 AS C1, T75.C3 AS C2, T75.C3 AS C3, T75.C4 AS C4 FROM T2 T75    ORDER BY 1 ASC ,2 ASC ,3 DESC ,4 DESC  ) INTERSECT (SELECT  T76.C2 AS C1, T76.C2 AS C2, T76.C4 AS C3, T76.C3 AS C4 FROM T1 T76    ORDER BY 1 ASC ,2 DESC ,3 DESC ,4 DESC  ))) INTERSECT (((((SELECT  T77.C3 AS C1, T77.C2 AS C2, T77.C1 AS C3, T77.C4 AS C4 FROM T2 T77    ORDER BY 1 DESC ,2 DESC ,3 DESC ,4 ASC  ) EXCEPT ((SELECT  T78.C1 AS C1, T78.C3 AS C2, T78.C3 AS C3, T78.C2 AS C4 FROM T1 T78    ORDER BY 1 DESC ,2 ASC ,3 ASC ,4 ASC  ) INTERSECT (SELECT  T79.C4 AS C1, T79.C3 AS C2, T79.C2 AS C3, T79.C2 AS C4 FROM T2 T79    ORDER BY 1 ASC ,2 ASC ,3 DESC ,4 DESC  ))) UNION ALL (SELECT  T80.C1 AS C1, T80.C1 AS C2, T80.C4 AS C3, T80.C1 AS C4 FROM T2 T80    ORDER BY 1 DESC ,2 ASC ,3 DESC ,4 DESC  )) INTERSECT (SELECT  T81.C2 AS C1, T81.C3 AS C2, T81.C3 AS C3, T81.C2 AS C4 FROM T2 T81    ORDER BY 1 ASC ,2 DESC ,3 ASC ,4 DESC  )) INTERSECT ((SELECT  T82.C3 AS C1, T82.C4 AS C2, T82.C3 AS C3, T82.C2 AS C4 FROM T1 T82    ORDER BY 1 ASC ,2 ASC ,3 ASC ,4 DESC  ) UNION (SELECT  T83.C3 AS C1, T83.C4 AS C2, T83.C2 AS C3, T83.C1 AS C4 FROM T2 T83    ORDER BY 1 ASC ,2 ASC ,3 ASC ,4 DESC  )))))) UNION ALL (SELECT  T84.C4 AS C1, T84.C1 AS C2, T84.C3 AS C3, T84.C3 AS C4 FROM T2 T84    ORDER BY 1 DESC ,2 DESC ,3 DESC ,4 DESC  )

+------+------+------+------+
| c1   | c2   | c3   | c4   |
+------+------+------+------+
| 8    | 6    | 1    | 1    |
| 7    | 2    | 3    | 3    |
| 6    | 5    | 5    | 5    |
| 5    | 8    | 2    | 2    |
| 5    | 7    | 6    | 6    |
| 4    | 0    | 9    | 9    |
| 4    | 0    | 6    | 6    |
| 3    | 9    | 2    | 2    |
| 2    | 2    | 4    | 4    |
| 2    | 2    | 3    | 3    |
+------+------+------+------+
10 rows in set

EXPLAIN (SELECT  T85.C2 AS C1, T85.C3 AS C2, T85.C4 AS C3, T85.C2 AS C4 FROM T2 T85    ORDER BY 1 ASC ,2 ASC ,3 ASC ,4 ASC  ) UNION ((((SELECT  T86.C2 AS C1, T86.C2 AS C2, T86.C2 AS C3, T86.C3 AS C4 FROM T2 T86    ORDER BY 1 DESC ,2 ASC ,3 ASC ,4 ASC  ) UNION (SELECT  T87.C1 AS C1, T87.C1 AS C2, T87.C3 AS C3, T87.C1 AS C4 FROM T1 T87    ORDER BY 1 ASC ,2 DESC ,3 DESC ,4 DESC  )) INTERSECT (SELECT  T88.C4 AS C1, T88.C4 AS C2, T88.C3 AS C3, T88.C3 AS C4 FROM T1 T88    ORDER BY 1 ASC ,2 DESC ,3 DESC ,4 ASC  )) UNION (SELECT  T89.C3 AS C1, T89.C2 AS C2, T89.C2 AS C3, T89.C3 AS C4 FROM T2 T89    ORDER BY 1 DESC ,2 ASC ,3 DESC ,4 ASC  ))

Query Plan:
+------------------------------------------------+
| ID | OPERATOR        | NAME | ROW COUNT | COST |
+------------------------------------------------+
| 0  | UNION           |      | 5         | 22   |
| 1  |  SORT           |      | 1         | 4    |
| 2  |   TABLE SCAN    | T85  | 1         | 4    |
| 3  |  UNION          |      | 4         | 17   |
| 4  |   INTERSECT     |      | 3         | 12   |
| 5  |    UNION        |      | 2         | 8    |
| 6  |     SORT        |      | 1         | 4    |
| 7  |      TABLE SCAN | T86  | 1         | 4    |
| 8  |     SORT        |      | 1         | 4    |
| 9  |      TABLE SCAN | T87  | 1         | 4    |
| 10 |    SORT         |      | 1         | 4    |
| 11 |     TABLE SCAN  | T88  | 1         | 4    |
| 12 |   SORT          |      | 1         | 4    |
| 13 |    TABLE SCAN   | T89  | 1         | 4    |
+------------------------------------------------+
Outputs & filters:
0 - output([UNION(0)], [UNION(1)], [UNION(2)], [UNION(3)])
1 - output([t85.c2], [t85.c3], [t85.c4], [t85.c2])
sort_keys([t85.c2 ASC], [t85.c3 ASC], [t85.c4 ASC], [t85.c2 ASC])
2 - output([t85.c2], [t85.c3], [t85.c4])
access([t85.c2], [t85.c3], [t85.c4])
3 - output([UNION(0)], [UNION(1)], [UNION(2)], [UNION(3)])
4 - output([INTERSECT(0)], [INTERSECT(1)], [INTERSECT(2)], [INTERSECT(3)])
5 - output([UNION(0)], [UNION(1)], [UNION(2)], [UNION(3)])
6 - output([t86.c2], [t86.c2], [t86.c2], [t86.c3])
sort_keys([t86.c2 DESC], [t86.c2 ASC], [t86.c2 ASC], [t86.c3 ASC])
7 - output([t86.c2], [t86.c3])
access([t86.c2], [t86.c3])
8 - output([t87.c1], [t87.c1], [t87.c3], [t87.c1])
sort_keys([t87.c1 ASC], [t87.c1 DESC], [t87.c3 DESC], [t87.c1 DESC])
9 - output([t87.c1], [t87.c3])
access([t87.c1], [t87.c3])
10 - output([t88.c4], [t88.c4], [t88.c3], [t88.c3])
sort_keys([t88.c4 ASC], [t88.c4 DESC], [t88.c3 DESC], [t88.c3 ASC])
11 - output([t88.c4], [t88.c3])
access([t88.c4], [t88.c3])
12 - output([t89.c3], [t89.c2], [t89.c2], [t89.c3])
sort_keys([t89.c3 DESC], [t89.c2 ASC], [t89.c2 DESC], [t89.c3 ASC])
13 - output([t89.c3], [t89.c2])
access([t89.c3], [t89.c2])

outline:
/*+
BEGIN_OUTLINE_DATA
END_OUTLINE_DATA
*/

(SELECT  T85.C2 AS C1, T85.C3 AS C2, T85.C4 AS C3, T85.C2 AS C4 FROM T2 T85    ORDER BY 1 ASC ,2 ASC ,3 ASC ,4 ASC  ) UNION ((((SELECT  T86.C2 AS C1, T86.C2 AS C2, T86.C2 AS C3, T86.C3 AS C4 FROM T2 T86    ORDER BY 1 DESC ,2 ASC ,3 ASC ,4 ASC  ) UNION (SELECT  T87.C1 AS C1, T87.C1 AS C2, T87.C3 AS C3, T87.C1 AS C4 FROM T1 T87    ORDER BY 1 ASC ,2 DESC ,3 DESC ,4 DESC  )) INTERSECT (SELECT  T88.C4 AS C1, T88.C4 AS C2, T88.C3 AS C3, T88.C3 AS C4 FROM T1 T88    ORDER BY 1 ASC ,2 DESC ,3 DESC ,4 ASC  )) UNION (SELECT  T89.C3 AS C1, T89.C2 AS C2, T89.C2 AS C3, T89.C3 AS C4 FROM T2 T89    ORDER BY 1 DESC ,2 ASC ,3 DESC ,4 ASC  ))

+------+------+------+------+
| c1   | c2   | c3   | c4   |
+------+------+------+------+
| 0    | 2    | 3    | 0    |
| 0    | 6    | 4    | 0    |
| 1    | 1    | 8    | 1    |
| 1    | 9    | 4    | 1    |
| 5    | 4    | 2    | 5    |
| 6    | 3    | 2    | 6    |
| 6    | 3    | 7    | 6    |
| 6    | 5    | 6    | 6    |
| 7    | 2    | 5    | 7    |
| 7    | 6    | 5    | 7    |
| 9    | 1    | 1    | 9    |
| 1    | 1    | 1    | 1    |
| 6    | 0    | 0    | 6    |
| 6    | 7    | 7    | 6    |
| 5    | 6    | 6    | 5    |
| 4    | 5    | 5    | 4    |
| 3    | 6    | 6    | 3    |
| 2    | 0    | 0    | 2    |
| 2    | 7    | 7    | 2    |
+------+------+------+------+
19 rows in set

EXPLAIN (SELECT  T90.C4 AS C1, T90.C4 AS C2, T90.C4 AS C3, T90.C3 AS C4 FROM T2 T90    ORDER BY 1 DESC ,2 ASC ,3 ASC ,4 ASC  ) UNION ALL (SELECT  T91.C2 AS C1, T91.C1 AS C2, T91.C4 AS C3, T91.C3 AS C4 FROM T1 T91    ORDER BY 1 ASC ,2 ASC ,3 DESC ,4 DESC  )

Query Plan:
+---------------------------------------------+
| ID | OPERATOR     | NAME | ROW COUNT | COST |
+---------------------------------------------+
| 0  | UNION_ALL    |      | 2         | 8    |
| 1  |  SORT        |      | 1         | 4    |
| 2  |   TABLE SCAN | T90  | 1         | 4    |
| 3  |  SORT        |      | 1         | 4    |
| 4  |   TABLE SCAN | T91  | 1         | 4    |
+---------------------------------------------+
Outputs & filters:
0 - output([UNION_ALL(0)], [UNION_ALL(1)], [UNION_ALL(2)], [UNION_ALL(3)])
1 - output([t90.c4], [t90.c4], [t90.c4], [t90.c3])
sort_keys([t90.c4 DESC], [t90.c4 ASC], [t90.c4 ASC], [t90.c3 ASC])
2 - output([t90.c4], [t90.c3])
access([t90.c4], [t90.c3])
3 - output([t91.c2], [t91.c1], [t91.c4], [t91.c3])
sort_keys([t91.c2 ASC], [t91.c1 ASC], [t91.c4 DESC], [t91.c3 DESC])
4 - output([t91.c2], [t91.c1], [t91.c4], [t91.c3])
access([t91.c2], [t91.c1], [t91.c4], [t91.c3])

outline:
/*+
BEGIN_OUTLINE_DATA
END_OUTLINE_DATA
*/

(SELECT  T90.C4 AS C1, T90.C4 AS C2, T90.C4 AS C3, T90.C3 AS C4 FROM T2 T90    ORDER BY 1 DESC ,2 ASC ,3 ASC ,4 ASC  ) UNION ALL (SELECT  T91.C2 AS C1, T91.C1 AS C2, T91.C4 AS C3, T91.C3 AS C4 FROM T1 T91    ORDER BY 1 ASC ,2 ASC ,3 DESC ,4 DESC  )

+------+------+------+------+
| c1   | c2   | c3   | c4   |
+------+------+------+------+
| 8    | 8    | 8    | 1    |
| 7    | 7    | 7    | 3    |
| 6    | 6    | 6    | 5    |
| 5    | 5    | 5    | 2    |
| 5    | 5    | 5    | 6    |
| 4    | 4    | 4    | 6    |
| 4    | 4    | 4    | 9    |
| 3    | 3    | 3    | 2    |
| 2    | 2    | 2    | 3    |
| 2    | 2    | 2    | 4    |
| 0    | 0    | 1    | 1    |
| 0    | 9    | 4    | 9    |
| 3    | 1    | 4    | 5    |
| 3    | 3    | 4    | 5    |
| 3    | 8    | 9    | 5    |
| 4    | 5    | 5    | 2    |
| 4    | 8    | 8    | 0    |
| 8    | 0    | 5    | 0    |
| 8    | 1    | 4    | 9    |
| 9    | 0    | 1    | 1    |
+------+------+------+------+
20 rows in set

EXPLAIN (SELECT  T92.C2 AS C1, T92.C4 AS C2, T92.C2 AS C3, T92.C3 AS C4 FROM T1 T92    ORDER BY 1 DESC ,2 ASC ,3 DESC ,4 DESC  ) UNION ALL (SELECT  T93.C2 AS C1, T93.C1 AS C2, T93.C3 AS C3, T93.C1 AS C4 FROM T2 T93    ORDER BY 1 ASC ,2 DESC ,3 DESC ,4 ASC  )

Query Plan:
+---------------------------------------------+
| ID | OPERATOR     | NAME | ROW COUNT | COST |
+---------------------------------------------+
| 0  | UNION_ALL    |      | 2         | 8    |
| 1  |  SORT        |      | 1         | 4    |
| 2  |   TABLE SCAN | T92  | 1         | 4    |
| 3  |  SORT        |      | 1         | 4    |
| 4  |   TABLE SCAN | T93  | 1         | 4    |
+---------------------------------------------+
Outputs & filters:
0 - output([UNION_ALL(0)], [UNION_ALL(1)], [UNION_ALL(2)], [UNION_ALL(3)])
1 - output([t92.c2], [t92.c4], [t92.c2], [t92.c3])
sort_keys([t92.c2 DESC], [t92.c4 ASC], [t92.c2 DESC], [t92.c3 DESC])
2 - output([t92.c2], [t92.c4], [t92.c3])
access([t92.c2], [t92.c4], [t92.c3])
3 - output([t93.c2], [t93.c1], [t93.c3], [t93.c1])
sort_keys([t93.c2 ASC], [t93.c1 DESC], [t93.c3 DESC], [t93.c1 ASC])
4 - output([t93.c2], [t93.c1], [t93.c3])
access([t93.c2], [t93.c1], [t93.c3])

outline:
/*+
BEGIN_OUTLINE_DATA
END_OUTLINE_DATA
*/

(SELECT  T92.C2 AS C1, T92.C4 AS C2, T92.C2 AS C3, T92.C3 AS C4 FROM T1 T92    ORDER BY 1 DESC ,2 ASC ,3 DESC ,4 DESC  ) UNION ALL (SELECT  T93.C2 AS C1, T93.C1 AS C2, T93.C3 AS C3, T93.C1 AS C4 FROM T2 T93    ORDER BY 1 ASC ,2 DESC ,3 DESC ,4 ASC  )

+------+------+------+------+
| c1   | c2   | c3   | c4   |
+------+------+------+------+
| 9    | 1    | 9    | 1    |
| 8    | 4    | 8    | 9    |
| 8    | 5    | 8    | 0    |
| 4    | 5    | 4    | 2    |
| 4    | 8    | 4    | 0    |
| 3    | 4    | 3    | 5    |
| 3    | 4    | 3    | 5    |
| 3    | 9    | 3    | 5    |
| 0    | 1    | 0    | 1    |
| 0    | 4    | 0    | 9    |
| 0    | 9    | 2    | 9    |
| 0    | 0    | 6    | 0    |
| 1    | 6    | 1    | 6    |
| 1    | 0    | 9    | 0    |
| 5    | 2    | 4    | 2    |
| 6    | 5    | 5    | 5    |
| 6    | 2    | 3    | 2    |
| 6    | 2    | 3    | 2    |
| 7    | 8    | 2    | 8    |
| 7    | 7    | 6    | 7    |
+------+------+------+------+
20 rows in set

EXPLAIN (SELECT  T94.C4 AS C1, T94.C3 AS C2, T94.C4 AS C3, T94.C1 AS C4 FROM T2 T94    ORDER BY 1 DESC ,2 DESC ,3 ASC ,4 ASC  ) UNION (SELECT  T95.C2 AS C1, T95.C2 AS C2, T95.C3 AS C3, T95.C4 AS C4 FROM T1 T95    ORDER BY 1 ASC ,2 ASC ,3 DESC ,4 ASC  )

Query Plan:
+---------------------------------------------+
| ID | OPERATOR     | NAME | ROW COUNT | COST |
+---------------------------------------------+
| 0  | UNION        |      | 2         | 8    |
| 1  |  SORT        |      | 1         | 4    |
| 2  |   TABLE SCAN | T94  | 1         | 4    |
| 3  |  SORT        |      | 1         | 4    |
| 4  |   TABLE SCAN | T95  | 1         | 4    |
+---------------------------------------------+
Outputs & filters:
0 - output([UNION(0)], [UNION(1)], [UNION(2)], [UNION(3)])
1 - output([t94.c4], [t94.c3], [t94.c4], [t94.c1])
sort_keys([t94.c4 DESC], [t94.c3 DESC], [t94.c4 ASC], [t94.c1 ASC])
2 - output([t94.c4], [t94.c3], [t94.c1])
access([t94.c4], [t94.c3], [t94.c1])
3 - output([t95.c2], [t95.c2], [t95.c3], [t95.c4])
sort_keys([t95.c2 ASC], [t95.c2 ASC], [t95.c3 DESC], [t95.c4 ASC])
4 - output([t95.c2], [t95.c3], [t95.c4])
access([t95.c2], [t95.c3], [t95.c4])

outline:
/*+
BEGIN_OUTLINE_DATA
END_OUTLINE_DATA
*/

(SELECT  T94.C4 AS C1, T94.C3 AS C2, T94.C4 AS C3, T94.C1 AS C4 FROM T2 T94    ORDER BY 1 DESC ,2 DESC ,3 ASC ,4 ASC  ) UNION (SELECT  T95.C2 AS C1, T95.C2 AS C2, T95.C3 AS C3, T95.C4 AS C4 FROM T1 T95    ORDER BY 1 ASC ,2 ASC ,3 DESC ,4 ASC  )

+------+------+------+------+
| c1   | c2   | c3   | c4   |
+------+------+------+------+
| 8    | 1    | 8    | 6    |
| 7    | 3    | 7    | 2    |
| 6    | 5    | 6    | 5    |
| 5    | 6    | 5    | 7    |
| 5    | 2    | 5    | 8    |
| 4    | 9    | 4    | 0    |
| 4    | 6    | 4    | 0    |
| 3    | 2    | 3    | 9    |
| 2    | 4    | 2    | 2    |
| 2    | 3    | 2    | 2    |
| 0    | 0    | 9    | 4    |
| 0    | 0    | 1    | 1    |
| 3    | 3    | 5    | 4    |
| 3    | 3    | 5    | 9    |
| 4    | 4    | 2    | 5    |
| 4    | 4    | 0    | 8    |
| 8    | 8    | 9    | 4    |
| 8    | 8    | 0    | 5    |
| 9    | 9    | 1    | 1    |
+------+------+------+------+
19 rows in set

EXPLAIN (SELECT  T96.C3 AS C1, T96.C3 AS C2, T96.C3 AS C3, T96.C1 AS C4 FROM T1 T96    ORDER BY 1 ASC ,2 DESC ,3 DESC ,4 DESC  ) UNION ALL ((SELECT  T97.C3 AS C1, T97.C4 AS C2, T97.C1 AS C3, T97.C1 AS C4 FROM T2 T97    ORDER BY 1 ASC ,2 DESC ,3 DESC ,4 ASC  ) INTERSECT ((SELECT  T98.C3 AS C1, T98.C2 AS C2, T98.C3 AS C3, T98.C4 AS C4 FROM T2 T98    ORDER BY 1 DESC ,2 DESC ,3 DESC ,4 ASC  ) UNION ALL ((SELECT  T99.C4 AS C1, T99.C2 AS C2, T99.C3 AS C3, T99.C4 AS C4 FROM T1 T99    ORDER BY 1 DESC ,2 ASC ,3 DESC ,4 DESC  ) UNION (((((((SELECT  T100.C2 AS C1, T100.C2 AS C2, T100.C1 AS C3, T100.C3 AS C4 FROM T2 T100    ORDER BY 1 DESC ,2 DESC ,3 ASC ,4 ASC  ) EXCEPT ((((SELECT  T101.C1 AS C1, T101.C4 AS C2, T101.C1 AS C3, T101.C2 AS C4 FROM T1 T101    ORDER BY 1 ASC ,2 DESC ,3 ASC ,4 DESC  ) INTERSECT ((SELECT  T102.C2 AS C1, T102.C2 AS C2, T102.C2 AS C3, T102.C1 AS C4 FROM T1 T102    ORDER BY 1 DESC ,2 DESC ,3 DESC ,4 DESC  ) UNION (SELECT  T103.C2 AS C1, T103.C1 AS C2, T103.C2 AS C3, T103.C4 AS C4 FROM T2 T103    ORDER BY 1 DESC ,2 ASC ,3 DESC ,4 DESC  ))) EXCEPT (SELECT  T104.C3 AS C1, T104.C1 AS C2, T104.C4 AS C3, T104.C2 AS C4 FROM T1 T104    ORDER BY 1 ASC ,2 ASC ,3 DESC ,4 DESC  )) UNION (SELECT  T105.C2 AS C1, T105.C4 AS C2, T105.C4 AS C3, T105.C1 AS C4 FROM T2 T105    ORDER BY 1 DESC ,2 ASC ,3 ASC ,4 DESC  ))) INTERSECT (SELECT  T106.C3 AS C1, T106.C4 AS C2, T106.C3 AS C3, T106.C4 AS C4 FROM T1 T106    ORDER BY 1 ASC ,2 DESC ,3 DESC ,4 DESC  )) UNION (SELECT  T107.C3 AS C1, T107.C3 AS C2, T107.C3 AS C3, T107.C1 AS C4 FROM T1 T107    ORDER BY 1 ASC ,2 ASC ,3 ASC ,4 DESC  )) INTERSECT ((SELECT  T108.C1 AS C1, T108.C3 AS C2, T108.C1 AS C3, T108.C3 AS C4 FROM T1 T108    ORDER BY 1 ASC ,2 ASC ,3 ASC ,4 DESC  ) INTERSECT (SELECT  T109.C2 AS C1, T109.C2 AS C2, T109.C1 AS C3, T109.C4 AS C4 FROM T2 T109    ORDER BY 1 DESC ,2 DESC ,3 DESC ,4 DESC  ))) UNION (((SELECT  T110.C3 AS C1, T110.C2 AS C2, T110.C3 AS C3, T110.C4 AS C4 FROM T2 T110    ORDER BY 1 DESC ,2 ASC ,3 ASC ,4 ASC  ) EXCEPT (SELECT  T111.C4 AS C1, T111.C1 AS C2, T111.C2 AS C3, T111.C2 AS C4 FROM T2 T111    ORDER BY 1 ASC ,2 ASC ,3 DESC ,4 DESC  )) INTERSECT (SELECT  T112.C2 AS C1, T112.C3 AS C2, T112.C4 AS C3, T112.C1 AS C4 FROM T1 T112    ORDER BY 1 DESC ,2 ASC ,3 DESC ,4 DESC  ))) UNION ((SELECT  T113.C4 AS C1, T113.C1 AS C2, T113.C1 AS C3, T113.C2 AS C4 FROM T1 T113    ORDER BY 1 DESC ,2 ASC ,3 DESC ,4 ASC  ) UNION ALL (SELECT  T114.C3 AS C1, T114.C4 AS C2, T114.C1 AS C3, T114.C3 AS C4 FROM T1 T114    ORDER BY 1 DESC ,2 DESC ,3 ASC ,4 DESC  ))))))

Query Plan:
+----------------------------------------------------------+
| ID | OPERATOR                  | NAME | ROW COUNT | COST |
+----------------------------------------------------------+
| 0  | UNION_ALL                 |      | 19        | 89   |
| 1  |  SORT                     |      | 1         | 4    |
| 2  |   TABLE SCAN              | T96  | 1         | 4    |
| 3  |  INTERSECT                |      | 18        | 85   |
| 4  |   SORT                    |      | 1         | 4    |
| 5  |    TABLE SCAN             | T97  | 1         | 4    |
| 6  |   UNION_ALL               |      | 17        | 79   |
| 7  |    SORT                   |      | 1         | 4    |
| 8  |     TABLE SCAN            | T98  | 1         | 4    |
| 9  |    UNION                  |      | 16        | 75   |
| 10 |     SORT                  |      | 1         | 4    |
| 11 |      TABLE SCAN           | T99  | 1         | 4    |
| 12 |     UNION                 |      | 15        | 69   |
| 13 |      UNION                |      | 13        | 59   |
| 14 |       INTERSECT           |      | 10        | 45   |
| 15 |        UNION              |      | 8         | 36   |
| 16 |         INTERSECT         |      | 7         | 31   |
| 17 |          EXCEPT           |      | 6         | 26   |
| 18 |           SORT            |      | 1         | 4    |
| 19 |            TABLE SCAN     | T100 | 1         | 4    |
| 20 |           UNION           |      | 5         | 22   |
| 21 |            EXCEPT         |      | 4         | 17   |
| 22 |             INTERSECT     |      | 3         | 13   |
| 23 |              SORT         |      | 1         | 4    |
| 24 |               TABLE SCAN  | T101 | 1         | 4    |
| 25 |              UNION        |      | 2         | 8    |
| 26 |               SORT        |      | 1         | 4    |
| 27 |                TABLE SCAN | T102 | 1         | 4    |
| 28 |               SORT        |      | 1         | 4    |
| 29 |                TABLE SCAN | T103 | 1         | 4    |
| 30 |             SORT          |      | 1         | 4    |
| 31 |              TABLE SCAN   | T104 | 1         | 4    |
| 32 |            SORT           |      | 1         | 4    |
| 33 |             TABLE SCAN    | T105 | 1         | 4    |
| 34 |          SORT             |      | 1         | 4    |
| 35 |           TABLE SCAN      | T106 | 1         | 4    |
| 36 |         SORT              |      | 1         | 4    |
| 37 |          TABLE SCAN       | T107 | 1         | 4    |
| 38 |        INTERSECT          |      | 2         | 8    |
| 39 |         SORT              |      | 1         | 4    |
| 40 |          TABLE SCAN       | T108 | 1         | 4    |
| 41 |         SORT              |      | 1         | 4    |
| 42 |          TABLE SCAN       | T109 | 1         | 4    |
| 43 |       INTERSECT           |      | 3         | 13   |
| 44 |        EXCEPT             |      | 2         | 8    |
| 45 |         SORT              |      | 1         | 4    |
| 46 |          TABLE SCAN       | T110 | 1         | 4    |
| 47 |         SORT              |      | 1         | 4    |
| 48 |          TABLE SCAN       | T111 | 1         | 4    |
| 49 |        SORT               |      | 1         | 4    |
| 50 |         TABLE SCAN        | T112 | 1         | 4    |
| 51 |      UNION_ALL            |      | 2         | 8    |
| 52 |       SORT                |      | 1         | 4    |
| 53 |        TABLE SCAN         | T113 | 1         | 4    |
| 54 |       SORT                |      | 1         | 4    |
| 55 |        TABLE SCAN         | T114 | 1         | 4    |
+----------------------------------------------------------+
Outputs & filters:
0 - output([UNION_ALL(0)], [UNION_ALL(1)], [UNION_ALL(2)], [UNION_ALL(3)])
1 - output([t96.c3], [t96.c3], [t96.c3], [t96.c1])
sort_keys([t96.c3 ASC], [t96.c3 DESC], [t96.c3 DESC], [t96.c1 DESC])
2 - output([t96.c3], [t96.c1])
access([t96.c3], [t96.c1])
3 - output([INTERSECT(0)], [INTERSECT(1)], [INTERSECT(2)], [INTERSECT(3)])
4 - output([t97.c3], [t97.c4], [t97.c1], [t97.c1])
sort_keys([t97.c3 ASC], [t97.c4 DESC], [t97.c1 DESC], [t97.c1 ASC])
5 - output([t97.c3], [t97.c4], [t97.c1])
access([t97.c3], [t97.c4], [t97.c1])
6 - output([UNION_ALL(0)], [UNION_ALL(1)], [UNION_ALL(2)], [UNION_ALL(3)])
7 - output([t98.c3], [t98.c2], [t98.c3], [t98.c4])
sort_keys([t98.c3 DESC], [t98.c2 DESC], [t98.c3 DESC], [t98.c4 ASC])
8 - output([t98.c3], [t98.c2], [t98.c4])
access([t98.c3], [t98.c2], [t98.c4])
9 - output([UNION(0)], [UNION(1)], [UNION(2)], [UNION(3)])
10 - output([t99.c4], [t99.c2], [t99.c3], [t99.c4])
sort_keys([t99.c4 DESC], [t99.c2 ASC], [t99.c3 DESC], [t99.c4 DESC])
11 - output([t99.c4], [t99.c2], [t99.c3])
access([t99.c4], [t99.c2], [t99.c3])
12 - output([UNION(0)], [UNION(1)], [UNION(2)], [UNION(3)])
13 - output([UNION(0)], [UNION(1)], [UNION(2)], [UNION(3)])
14 - output([INTERSECT(0)], [INTERSECT(1)], [INTERSECT(2)], [INTERSECT(3)])
15 - output([UNION(0)], [UNION(1)], [UNION(2)], [UNION(3)])
16 - output([INTERSECT(0)], [INTERSECT(1)], [INTERSECT(2)], [INTERSECT(3)])
17 - output([EXCEPT(0)], [EXCEPT(1)], [EXCEPT(2)], [EXCEPT(3)])
18 - output([t100.c2], [t100.c2], [t100.c1], [t100.c3])
sort_keys([t100.c2 DESC], [t100.c2 DESC], [t100.c1 ASC], [t100.c3 ASC])
19 - output([t100.c2], [t100.c1], [t100.c3])
access([t100.c2], [t100.c1], [t100.c3])
20 - output([UNION(0)], [UNION(1)], [UNION(2)], [UNION(3)])
21 - output([EXCEPT(0)], [EXCEPT(1)], [EXCEPT(2)], [EXCEPT(3)])
22 - output([INTERSECT(0)], [INTERSECT(1)], [INTERSECT(2)], [INTERSECT(3)])
23 - output([t101.c1], [t101.c4], [t101.c1], [t101.c2])
sort_keys([t101.c1 ASC], [t101.c4 DESC], [t101.c1 ASC], [t101.c2 DESC])
24 - output([t101.c1], [t101.c4], [t101.c2])
access([t101.c1], [t101.c4], [t101.c2])
25 - output([UNION(0)], [UNION(1)], [UNION(2)], [UNION(3)])
26 - output([t102.c2], [t102.c2], [t102.c2], [t102.c1])
sort_keys([t102.c2 DESC], [t102.c2 DESC], [t102.c2 DESC], [t102.c1 DESC])
27 - output([t102.c2], [t102.c1])
access([t102.c2], [t102.c1])
28 - output([t103.c2], [t103.c1], [t103.c2], [t103.c4])
sort_keys([t103.c2 DESC], [t103.c1 ASC], [t103.c2 DESC], [t103.c4 DESC])
29 - output([t103.c2], [t103.c1], [t103.c4])
access([t103.c2], [t103.c1], [t103.c4])
30 - output([t104.c3], [t104.c1], [t104.c4], [t104.c2])
sort_keys([t104.c3 ASC], [t104.c1 ASC], [t104.c4 DESC], [t104.c2 DESC])
31 - output([t104.c3], [t104.c1], [t104.c4], [t104.c2])
access([t104.c3], [t104.c1], [t104.c4], [t104.c2])
32 - output([t105.c2], [t105.c4], [t105.c4], [t105.c1])
sort_keys([t105.c2 DESC], [t105.c4 ASC], [t105.c4 ASC], [t105.c1 DESC])
33 - output([t105.c2], [t105.c4], [t105.c1])
access([t105.c2], [t105.c4], [t105.c1])
34 - output([t106.c3], [t106.c4], [t106.c3], [t106.c4])
sort_keys([t106.c3 ASC], [t106.c4 DESC], [t106.c3 DESC], [t106.c4 DESC])
35 - output([t106.c3], [t106.c4])
access([t106.c3], [t106.c4])
36 - output([t107.c3], [t107.c3], [t107.c3], [t107.c1])
sort_keys([t107.c3 ASC], [t107.c3 ASC], [t107.c3 ASC], [t107.c1 DESC])
37 - output([t107.c3], [t107.c1])
access([t107.c3], [t107.c1])
38 - output([INTERSECT(0)], [INTERSECT(1)], [INTERSECT(2)], [INTERSECT(3)])
39 - output([t108.c1], [t108.c3], [t108.c1], [t108.c3])
sort_keys([t108.c1 ASC], [t108.c3 ASC], [t108.c1 ASC], [t108.c3 DESC])
40 - output([t108.c1], [t108.c3])
access([t108.c1], [t108.c3])
41 - output([t109.c2], [t109.c2], [t109.c1], [t109.c4])
sort_keys([t109.c2 DESC], [t109.c2 DESC], [t109.c1 DESC], [t109.c4 DESC])
42 - output([t109.c2], [t109.c1], [t109.c4])
access([t109.c2], [t109.c1], [t109.c4])
43 - output([INTERSECT(0)], [INTERSECT(1)], [INTERSECT(2)], [INTERSECT(3)])
44 - output([EXCEPT(0)], [EXCEPT(1)], [EXCEPT(2)], [EXCEPT(3)])
45 - output([t110.c3], [t110.c2], [t110.c3], [t110.c4])
sort_keys([t110.c3 DESC], [t110.c2 ASC], [t110.c3 ASC], [t110.c4 ASC])
46 - output([t110.c3], [t110.c2], [t110.c4])
access([t110.c3], [t110.c2], [t110.c4])
47 - output([t111.c4], [t111.c1], [t111.c2], [t111.c2])
sort_keys([t111.c4 ASC], [t111.c1 ASC], [t111.c2 DESC], [t111.c2 DESC])
48 - output([t111.c4], [t111.c1], [t111.c2])
access([t111.c4], [t111.c1], [t111.c2])
49 - output([t112.c2], [t112.c3], [t112.c4], [t112.c1])
sort_keys([t112.c2 DESC], [t112.c3 ASC], [t112.c4 DESC], [t112.c1 DESC])
50 - output([t112.c2], [t112.c3], [t112.c4], [t112.c1])
access([t112.c2], [t112.c3], [t112.c4], [t112.c1])
51 - output([UNION_ALL(0)], [UNION_ALL(1)], [UNION_ALL(2)], [UNION_ALL(3)])
52 - output([t113.c4], [t113.c1], [t113.c1], [t113.c2])
sort_keys([t113.c4 DESC], [t113.c1 ASC], [t113.c1 DESC], [t113.c2 ASC])
53 - output([t113.c4], [t113.c1], [t113.c2])
access([t113.c4], [t113.c1], [t113.c2])
54 - output([t114.c3], [t114.c4], [t114.c1], [t114.c3])
sort_keys([t114.c3 DESC], [t114.c4 DESC], [t114.c1 ASC], [t114.c3 DESC])
55 - output([t114.c3], [t114.c4], [t114.c1])
access([t114.c3], [t114.c4], [t114.c1])

outline:
/*+
BEGIN_OUTLINE_DATA
END_OUTLINE_DATA
*/

(SELECT  T96.C3 AS C1, T96.C3 AS C2, T96.C3 AS C3, T96.C1 AS C4 FROM T1 T96    ORDER BY 1 ASC ,2 DESC ,3 DESC ,4 DESC  ) UNION ALL ((SELECT  T97.C3 AS C1, T97.C4 AS C2, T97.C1 AS C3, T97.C1 AS C4 FROM T2 T97    ORDER BY 1 ASC ,2 DESC ,3 DESC ,4 ASC  ) INTERSECT ((SELECT  T98.C3 AS C1, T98.C2 AS C2, T98.C3 AS C3, T98.C4 AS C4 FROM T2 T98    ORDER BY 1 DESC ,2 DESC ,3 DESC ,4 ASC  ) UNION ALL ((SELECT  T99.C4 AS C1, T99.C2 AS C2, T99.C3 AS C3, T99.C4 AS C4 FROM T1 T99    ORDER BY 1 DESC ,2 ASC ,3 DESC ,4 DESC  ) UNION (((((((SELECT  T100.C2 AS C1, T100.C2 AS C2, T100.C1 AS C3, T100.C3 AS C4 FROM T2 T100    ORDER BY 1 DESC ,2 DESC ,3 ASC ,4 ASC  ) EXCEPT ((((SELECT  T101.C1 AS C1, T101.C4 AS C2, T101.C1 AS C3, T101.C2 AS C4 FROM T1 T101    ORDER BY 1 ASC ,2 DESC ,3 ASC ,4 DESC  ) INTERSECT ((SELECT  T102.C2 AS C1, T102.C2 AS C2, T102.C2 AS C3, T102.C1 AS C4 FROM T1 T102    ORDER BY 1 DESC ,2 DESC ,3 DESC ,4 DESC  ) UNION (SELECT  T103.C2 AS C1, T103.C1 AS C2, T103.C2 AS C3, T103.C4 AS C4 FROM T2 T103    ORDER BY 1 DESC ,2 ASC ,3 DESC ,4 DESC  ))) EXCEPT (SELECT  T104.C3 AS C1, T104.C1 AS C2, T104.C4 AS C3, T104.C2 AS C4 FROM T1 T104    ORDER BY 1 ASC ,2 ASC ,3 DESC ,4 DESC  )) UNION (SELECT  T105.C2 AS C1, T105.C4 AS C2, T105.C4 AS C3, T105.C1 AS C4 FROM T2 T105    ORDER BY 1 DESC ,2 ASC ,3 ASC ,4 DESC  ))) INTERSECT (SELECT  T106.C3 AS C1, T106.C4 AS C2, T106.C3 AS C3, T106.C4 AS C4 FROM T1 T106    ORDER BY 1 ASC ,2 DESC ,3 DESC ,4 DESC  )) UNION (SELECT  T107.C3 AS C1, T107.C3 AS C2, T107.C3 AS C3, T107.C1 AS C4 FROM T1 T107    ORDER BY 1 ASC ,2 ASC ,3 ASC ,4 DESC  )) INTERSECT ((SELECT  T108.C1 AS C1, T108.C3 AS C2, T108.C1 AS C3, T108.C3 AS C4 FROM T1 T108    ORDER BY 1 ASC ,2 ASC ,3 ASC ,4 DESC  ) INTERSECT (SELECT  T109.C2 AS C1, T109.C2 AS C2, T109.C1 AS C3, T109.C4 AS C4 FROM T2 T109    ORDER BY 1 DESC ,2 DESC ,3 DESC ,4 DESC  ))) UNION (((SELECT  T110.C3 AS C1, T110.C2 AS C2, T110.C3 AS C3, T110.C4 AS C4 FROM T2 T110    ORDER BY 1 DESC ,2 ASC ,3 ASC ,4 ASC  ) EXCEPT (SELECT  T111.C4 AS C1, T111.C1 AS C2, T111.C2 AS C3, T111.C2 AS C4 FROM T2 T111    ORDER BY 1 ASC ,2 ASC ,3 DESC ,4 DESC  )) INTERSECT (SELECT  T112.C2 AS C1, T112.C3 AS C2, T112.C4 AS C3, T112.C1 AS C4 FROM T1 T112    ORDER BY 1 DESC ,2 ASC ,3 DESC ,4 DESC  ))) UNION ((SELECT  T113.C4 AS C1, T113.C1 AS C2, T113.C1 AS C3, T113.C2 AS C4 FROM T1 T113    ORDER BY 1 DESC ,2 ASC ,3 DESC ,4 ASC  ) UNION ALL (SELECT  T114.C3 AS C1, T114.C4 AS C2, T114.C1 AS C3, T114.C3 AS C4 FROM T1 T114    ORDER BY 1 DESC ,2 DESC ,3 ASC ,4 DESC  ))))))

+------+------+------+------+
| c1   | c2   | c3   | c4   |
+------+------+------+------+
| 0    | 0    | 0    | 8    |
| 0    | 0    | 0    | 0    |
| 1    | 1    | 1    | 0    |
| 1    | 1    | 1    | 0    |
| 2    | 2    | 2    | 5    |
| 5    | 5    | 5    | 8    |
| 5    | 5    | 5    | 3    |
| 5    | 5    | 5    | 1    |
| 9    | 9    | 9    | 9    |
| 9    | 9    | 9    | 1    |
+------+------+------+------+
10 rows in set

EXPLAIN (SELECT  T115.C2 AS C1, T115.C3 AS C2, T115.C1 AS C3, T115.C1 AS C4 FROM T1 T115    ORDER BY 1 DESC ,2 ASC ,3 ASC ,4 DESC  ) UNION (((SELECT  T116.C2 AS C1, T116.C1 AS C2, T116.C2 AS C3, T116.C3 AS C4 FROM T2 T116    ORDER BY 1 DESC ,2 DESC ,3 ASC ,4 ASC  ) EXCEPT ((((((SELECT  T117.C3 AS C1, T117.C2 AS C2, T117.C4 AS C3, T117.C3 AS C4 FROM T1 T117    ORDER BY 1 DESC ,2 ASC ,3 ASC ,4 ASC  ) INTERSECT (SELECT  T118.C1 AS C1, T118.C4 AS C2, T118.C4 AS C3, T118.C3 AS C4 FROM T1 T118    ORDER BY 1 ASC ,2 DESC ,3 ASC ,4 DESC  )) INTERSECT ((SELECT  T119.C3 AS C1, T119.C4 AS C2, T119.C2 AS C3, T119.C1 AS C4 FROM T1 T119    ORDER BY 1 ASC ,2 ASC ,3 DESC ,4 ASC  ) EXCEPT (SELECT  T120.C2 AS C1, T120.C2 AS C2, T120.C1 AS C3, T120.C4 AS C4 FROM T1 T120    ORDER BY 1 DESC ,2 DESC ,3 DESC ,4 DESC  ))) INTERSECT (SELECT  T121.C1 AS C1, T121.C2 AS C2, T121.C1 AS C3, T121.C3 AS C4 FROM T1 T121    ORDER BY 1 DESC ,2 DESC ,3 DESC ,4 DESC  )) INTERSECT (SELECT  T122.C2 AS C1, T122.C3 AS C2, T122.C1 AS C3, T122.C4 AS C4 FROM T2 T122    ORDER BY 1 DESC ,2 ASC ,3 DESC ,4 DESC  )) EXCEPT ((((SELECT  T123.C3 AS C1, T123.C4 AS C2, T123.C1 AS C3, T123.C1 AS C4 FROM T1 T123    ORDER BY 1 DESC ,2 DESC ,3 DESC ,4 ASC  ) UNION ALL ((SELECT  T124.C2 AS C1, T124.C1 AS C2, T124.C3 AS C3, T124.C4 AS C4 FROM T2 T124    ORDER BY 1 ASC ,2 ASC ,3 ASC ,4 ASC  ) EXCEPT (SELECT  T125.C2 AS C1, T125.C1 AS C2, T125.C1 AS C3, T125.C2 AS C4 FROM T1 T125    ORDER BY 1 ASC ,2 DESC ,3 ASC ,4 DESC  ))) UNION ALL (SELECT  T126.C4 AS C1, T126.C3 AS C2, T126.C4 AS C3, T126.C1 AS C4 FROM T2 T126    ORDER BY 1 ASC ,2 DESC ,3 ASC ,4 DESC  )) UNION ((SELECT  T127.C3 AS C1, T127.C4 AS C2, T127.C3 AS C3, T127.C2 AS C4 FROM T2 T127    ORDER BY 1 DESC ,2 DESC ,3 DESC ,4 DESC  ) UNION (SELECT  T128.C1 AS C1, T128.C4 AS C2, T128.C1 AS C3, T128.C1 AS C4 FROM T2 T128    ORDER BY 1 DESC ,2 DESC ,3 ASC ,4 DESC  ))))) UNION (SELECT  T129.C4 AS C1, T129.C4 AS C2, T129.C4 AS C3, T129.C1 AS C4 FROM T2 T129    ORDER BY 1 ASC ,2 ASC ,3 ASC ,4 DESC  ))

Query Plan:
+----------------------------------------------------+
| ID | OPERATOR            | NAME | ROW COUNT | COST |
+----------------------------------------------------+
| 0  | UNION               |      | 15        | 69   |
| 1  |  SORT               |      | 1         | 4    |
| 2  |   TABLE SCAN        | T115 | 1         | 4    |
| 3  |  UNION              |      | 14        | 64   |
| 4  |   EXCEPT            |      | 13        | 58   |
| 5  |    SORT             |      | 1         | 4    |
| 6  |     TABLE SCAN      | T116 | 1         | 4    |
| 7  |    EXCEPT           |      | 12        | 53   |
| 8  |     INTERSECT       |      | 6         | 26   |
| 9  |      INTERSECT      |      | 5         | 21   |
| 10 |       INTERSECT     |      | 4         | 17   |
| 11 |        INTERSECT    |      | 2         | 8    |
| 12 |         SORT        |      | 1         | 4    |
| 13 |          TABLE SCAN | T117 | 1         | 4    |
| 14 |         SORT        |      | 1         | 4    |
| 15 |          TABLE SCAN | T118 | 1         | 4    |
| 16 |        EXCEPT       |      | 2         | 8    |
| 17 |         SORT        |      | 1         | 4    |
| 18 |          TABLE SCAN | T119 | 1         | 4    |
| 19 |         SORT        |      | 1         | 4    |
| 20 |          TABLE SCAN | T120 | 1         | 4    |
| 21 |       SORT          |      | 1         | 4    |
| 22 |        TABLE SCAN   | T121 | 1         | 4    |
| 23 |      SORT           |      | 1         | 4    |
| 24 |       TABLE SCAN    | T122 | 1         | 4    |
| 25 |     UNION           |      | 6         | 26   |
| 26 |      UNION_ALL      |      | 4         | 17   |
| 27 |       UNION_ALL     |      | 3         | 12   |
| 28 |        SORT         |      | 1         | 4    |
| 29 |         TABLE SCAN  | T123 | 1         | 4    |
| 30 |        EXCEPT       |      | 2         | 8    |
| 31 |         SORT        |      | 1         | 4    |
| 32 |          TABLE SCAN | T124 | 1         | 4    |
| 33 |         SORT        |      | 1         | 4    |
| 34 |          TABLE SCAN | T125 | 1         | 4    |
| 35 |       SORT          |      | 1         | 4    |
| 36 |        TABLE SCAN   | T126 | 1         | 4    |
| 37 |      UNION          |      | 2         | 8    |
| 38 |       SORT          |      | 1         | 4    |
| 39 |        TABLE SCAN   | T127 | 1         | 4    |
| 40 |       SORT          |      | 1         | 4    |
| 41 |        TABLE SCAN   | T128 | 1         | 4    |
| 42 |   SORT              |      | 1         | 4    |
| 43 |    TABLE SCAN       | T129 | 1         | 4    |
+----------------------------------------------------+
Outputs & filters:
0 - output([UNION(0)], [UNION(1)], [UNION(2)], [UNION(3)])
1 - output([t115.c2], [t115.c3], [t115.c1], [t115.c1])
sort_keys([t115.c2 DESC], [t115.c3 ASC], [t115.c1 ASC], [t115.c1 DESC])
2 - output([t115.c2], [t115.c3], [t115.c1])
access([t115.c2], [t115.c3], [t115.c1])
3 - output([UNION(0)], [UNION(1)], [UNION(2)], [UNION(3)])
4 - output([EXCEPT(0)], [EXCEPT(1)], [EXCEPT(2)], [EXCEPT(3)])
5 - output([t116.c2], [t116.c1], [t116.c2], [t116.c3])
sort_keys([t116.c2 DESC], [t116.c1 DESC], [t116.c2 ASC], [t116.c3 ASC])
6 - output([t116.c2], [t116.c1], [t116.c3])
access([t116.c2], [t116.c1], [t116.c3])
7 - output([EXCEPT(0)], [EXCEPT(1)], [EXCEPT(2)], [EXCEPT(3)])
8 - output([INTERSECT(0)], [INTERSECT(1)], [INTERSECT(2)], [INTERSECT(3)])
9 - output([INTERSECT(0)], [INTERSECT(1)], [INTERSECT(2)], [INTERSECT(3)])
10 - output([INTERSECT(0)], [INTERSECT(1)], [INTERSECT(2)], [INTERSECT(3)])
11 - output([INTERSECT(0)], [INTERSECT(1)], [INTERSECT(2)], [INTERSECT(3)])
12 - output([t117.c3], [t117.c2], [t117.c4], [t117.c3])
sort_keys([t117.c3 DESC], [t117.c2 ASC], [t117.c4 ASC], [t117.c3 ASC])
13 - output([t117.c3], [t117.c2], [t117.c4])
access([t117.c3], [t117.c2], [t117.c4])
14 - output([t118.c1], [t118.c4], [t118.c4], [t118.c3])
sort_keys([t118.c1 ASC], [t118.c4 DESC], [t118.c4 ASC], [t118.c3 DESC])
15 - output([t118.c1], [t118.c4], [t118.c3])
access([t118.c1], [t118.c4], [t118.c3])
16 - output([EXCEPT(0)], [EXCEPT(1)], [EXCEPT(2)], [EXCEPT(3)])
17 - output([t119.c3], [t119.c4], [t119.c2], [t119.c1])
sort_keys([t119.c3 ASC], [t119.c4 ASC], [t119.c2 DESC], [t119.c1 ASC])
18 - output([t119.c3], [t119.c4], [t119.c2], [t119.c1])
access([t119.c3], [t119.c4], [t119.c2], [t119.c1])
19 - output([t120.c2], [t120.c2], [t120.c1], [t120.c4])
sort_keys([t120.c2 DESC], [t120.c2 DESC], [t120.c1 DESC], [t120.c4 DESC])
20 - output([t120.c2], [t120.c1], [t120.c4])
access([t120.c2], [t120.c1], [t120.c4])
21 - output([t121.c1], [t121.c2], [t121.c1], [t121.c3])
sort_keys([t121.c1 DESC], [t121.c2 DESC], [t121.c1 DESC], [t121.c3 DESC])
22 - output([t121.c1], [t121.c2], [t121.c3])
access([t121.c1], [t121.c2], [t121.c3])
23 - output([t122.c2], [t122.c3], [t122.c1], [t122.c4])
sort_keys([t122.c2 DESC], [t122.c3 ASC], [t122.c1 DESC], [t122.c4 DESC])
24 - output([t122.c2], [t122.c3], [t122.c1], [t122.c4])
access([t122.c2], [t122.c3], [t122.c1], [t122.c4])
25 - output([UNION(0)], [UNION(1)], [UNION(2)], [UNION(3)])
26 - output([UNION_ALL(0)], [UNION_ALL(1)], [UNION_ALL(2)], [UNION_ALL(3)])
27 - output([UNION_ALL(0)], [UNION_ALL(1)], [UNION_ALL(2)], [UNION_ALL(3)])
28 - output([t123.c3], [t123.c4], [t123.c1], [t123.c1])
sort_keys([t123.c3 DESC], [t123.c4 DESC], [t123.c1 DESC], [t123.c1 ASC])
29 - output([t123.c3], [t123.c4], [t123.c1])
access([t123.c3], [t123.c4], [t123.c1])
30 - output([EXCEPT(0)], [EXCEPT(1)], [EXCEPT(2)], [EXCEPT(3)])
31 - output([t124.c2], [t124.c1], [t124.c3], [t124.c4])
sort_keys([t124.c2 ASC], [t124.c1 ASC], [t124.c3 ASC], [t124.c4 ASC])
32 - output([t124.c2], [t124.c1], [t124.c3], [t124.c4])
access([t124.c2], [t124.c1], [t124.c3], [t124.c4])
33 - output([t125.c2], [t125.c1], [t125.c1], [t125.c2])
sort_keys([t125.c2 ASC], [t125.c1 DESC], [t125.c1 ASC], [t125.c2 DESC])
34 - output([t125.c2], [t125.c1])
access([t125.c2], [t125.c1])
35 - output([t126.c4], [t126.c3], [t126.c4], [t126.c1])
sort_keys([t126.c4 ASC], [t126.c3 DESC], [t126.c4 ASC], [t126.c1 DESC])
36 - output([t126.c4], [t126.c3], [t126.c1])
access([t126.c4], [t126.c3], [t126.c1])
37 - output([UNION(0)], [UNION(1)], [UNION(2)], [UNION(3)])
38 - output([t127.c3], [t127.c4], [t127.c3], [t127.c2])
sort_keys([t127.c3 DESC], [t127.c4 DESC], [t127.c3 DESC], [t127.c2 DESC])
39 - output([t127.c3], [t127.c4], [t127.c2])
access([t127.c3], [t127.c4], [t127.c2])
40 - output([t128.c1], [t128.c4], [t128.c1], [t128.c1])
sort_keys([t128.c1 DESC], [t128.c4 DESC], [t128.c1 ASC], [t128.c1 DESC])
41 - output([t128.c1], [t128.c4])
access([t128.c1], [t128.c4])
42 - output([t129.c4], [t129.c4], [t129.c4], [t129.c1])
sort_keys([t129.c4 ASC], [t129.c4 ASC], [t129.c4 ASC], [t129.c1 DESC])
43 - output([t129.c4], [t129.c1])
access([t129.c4], [t129.c1])

outline:
/*+
BEGIN_OUTLINE_DATA
END_OUTLINE_DATA
*/

(SELECT  T115.C2 AS C1, T115.C3 AS C2, T115.C1 AS C3, T115.C1 AS C4 FROM T1 T115    ORDER BY 1 DESC ,2 ASC ,3 ASC ,4 DESC  ) UNION (((SELECT  T116.C2 AS C1, T116.C1 AS C2, T116.C2 AS C3, T116.C3 AS C4 FROM T2 T116    ORDER BY 1 DESC ,2 DESC ,3 ASC ,4 ASC  ) EXCEPT ((((((SELECT  T117.C3 AS C1, T117.C2 AS C2, T117.C4 AS C3, T117.C3 AS C4 FROM T1 T117    ORDER BY 1 DESC ,2 ASC ,3 ASC ,4 ASC  ) INTERSECT (SELECT  T118.C1 AS C1, T118.C4 AS C2, T118.C4 AS C3, T118.C3 AS C4 FROM T1 T118    ORDER BY 1 ASC ,2 DESC ,3 ASC ,4 DESC  )) INTERSECT ((SELECT  T119.C3 AS C1, T119.C4 AS C2, T119.C2 AS C3, T119.C1 AS C4 FROM T1 T119    ORDER BY 1 ASC ,2 ASC ,3 DESC ,4 ASC  ) EXCEPT (SELECT  T120.C2 AS C1, T120.C2 AS C2, T120.C1 AS C3, T120.C4 AS C4 FROM T1 T120    ORDER BY 1 DESC ,2 DESC ,3 DESC ,4 DESC  ))) INTERSECT (SELECT  T121.C1 AS C1, T121.C2 AS C2, T121.C1 AS C3, T121.C3 AS C4 FROM T1 T121    ORDER BY 1 DESC ,2 DESC ,3 DESC ,4 DESC  )) INTERSECT (SELECT  T122.C2 AS C1, T122.C3 AS C2, T122.C1 AS C3, T122.C4 AS C4 FROM T2 T122    ORDER BY 1 DESC ,2 ASC ,3 DESC ,4 DESC  )) EXCEPT ((((SELECT  T123.C3 AS C1, T123.C4 AS C2, T123.C1 AS C3, T123.C1 AS C4 FROM T1 T123    ORDER BY 1 DESC ,2 DESC ,3 DESC ,4 ASC  ) UNION ALL ((SELECT  T124.C2 AS C1, T124.C1 AS C2, T124.C3 AS C3, T124.C4 AS C4 FROM T2 T124    ORDER BY 1 ASC ,2 ASC ,3 ASC ,4 ASC  ) EXCEPT (SELECT  T125.C2 AS C1, T125.C1 AS C2, T125.C1 AS C3, T125.C2 AS C4 FROM T1 T125    ORDER BY 1 ASC ,2 DESC ,3 ASC ,4 DESC  ))) UNION ALL (SELECT  T126.C4 AS C1, T126.C3 AS C2, T126.C4 AS C3, T126.C1 AS C4 FROM T2 T126    ORDER BY 1 ASC ,2 DESC ,3 ASC ,4 DESC  )) UNION ((SELECT  T127.C3 AS C1, T127.C4 AS C2, T127.C3 AS C3, T127.C2 AS C4 FROM T2 T127    ORDER BY 1 DESC ,2 DESC ,3 DESC ,4 DESC  ) UNION (SELECT  T128.C1 AS C1, T128.C4 AS C2, T128.C1 AS C3, T128.C1 AS C4 FROM T2 T128    ORDER BY 1 DESC ,2 DESC ,3 ASC ,4 DESC  ))))) UNION (SELECT  T129.C4 AS C1, T129.C4 AS C2, T129.C4 AS C3, T129.C1 AS C4 FROM T2 T129    ORDER BY 1 ASC ,2 ASC ,3 ASC ,4 DESC  ))

+------+------+------+------+
| c1   | c2   | c3   | c4   |
+------+------+------+------+
| 9    | 1    | 0    | 0    |
| 8    | 0    | 0    | 0    |
| 8    | 9    | 1    | 1    |
| 4    | 0    | 8    | 8    |
| 4    | 2    | 5    | 5    |
| 3    | 5    | 1    | 1    |
| 3    | 5    | 3    | 3    |
| 3    | 5    | 8    | 8    |
| 0    | 1    | 0    | 0    |
| 0    | 9    | 9    | 9    |
| 2    | 2    | 2    | 2    |
| 7    | 8    | 7    | 2    |
| 7    | 7    | 7    | 6    |
| 6    | 5    | 6    | 5    |
| 6    | 2    | 6    | 3    |
| 5    | 2    | 5    | 4    |
| 1    | 6    | 1    | 1    |
| 1    | 0    | 1    | 9    |
| 0    | 9    | 0    | 2    |
| 0    | 0    | 0    | 6    |
| 3    | 3    | 3    | 9    |
| 4    | 4    | 4    | 0    |
| 5    | 5    | 5    | 8    |
| 5    | 5    | 5    | 7    |
| 6    | 6    | 6    | 5    |
| 7    | 7    | 7    | 2    |
| 8    | 8    | 8    | 6    |
+------+------+------+------+
27 rows in set

EXPLAIN (SELECT  T130.C3 AS C1, T130.C2 AS C2, T130.C1 AS C3, T130.C2 AS C4 FROM T1 T130    ORDER BY 1 ASC ,2 ASC ,3 DESC ,4 DESC  ) UNION ALL (SELECT  T131.C1 AS C1, T131.C2 AS C2, T131.C3 AS C3, T131.C2 AS C4 FROM T2 T131    ORDER BY 1 ASC ,2 DESC ,3 DESC ,4 ASC  )

Query Plan:
+---------------------------------------------+
| ID | OPERATOR     | NAME | ROW COUNT | COST |
+---------------------------------------------+
| 0  | UNION_ALL    |      | 2         | 8    |
| 1  |  SORT        |      | 1         | 4    |
| 2  |   TABLE SCAN | T130 | 1         | 4    |
| 3  |  SORT        |      | 1         | 4    |
| 4  |   TABLE SCAN | T131 | 1         | 4    |
+---------------------------------------------+
Outputs & filters:
0 - output([UNION_ALL(0)], [UNION_ALL(1)], [UNION_ALL(2)], [UNION_ALL(3)])
1 - output([t130.c3], [t130.c2], [t130.c1], [t130.c2])
sort_keys([t130.c3 ASC], [t130.c2 ASC], [t130.c1 DESC], [t130.c2 DESC])
2 - output([t130.c3], [t130.c2], [t130.c1])
access([t130.c3], [t130.c2], [t130.c1])
3 - output([t131.c1], [t131.c2], [t131.c3], [t131.c2])
sort_keys([t131.c1 ASC], [t131.c2 DESC], [t131.c3 DESC], [t131.c2 ASC])
4 - output([t131.c1], [t131.c2], [t131.c3])
access([t131.c1], [t131.c2], [t131.c3])

outline:
/*+
BEGIN_OUTLINE_DATA
END_OUTLINE_DATA
*/

(SELECT  T130.C3 AS C1, T130.C2 AS C2, T130.C1 AS C3, T130.C2 AS C4 FROM T1 T130    ORDER BY 1 ASC ,2 ASC ,3 DESC ,4 DESC  ) UNION ALL (SELECT  T131.C1 AS C1, T131.C2 AS C2, T131.C3 AS C3, T131.C2 AS C4 FROM T2 T131    ORDER BY 1 ASC ,2 DESC ,3 DESC ,4 ASC  )

+------+------+------+------+
| c1   | c2   | c3   | c4   |
+------+------+------+------+
| 0    | 4    | 8    | 4    |
| 0    | 8    | 0    | 8    |
| 1    | 0    | 0    | 0    |
| 1    | 9    | 0    | 9    |
| 2    | 4    | 5    | 4    |
| 5    | 3    | 8    | 3    |
| 5    | 3    | 3    | 3    |
| 5    | 3    | 1    | 3    |
| 9    | 0    | 9    | 0    |
| 9    | 8    | 1    | 8    |
| 0    | 1    | 9    | 1    |
| 0    | 0    | 6    | 0    |
| 2    | 6    | 3    | 6    |
| 2    | 6    | 3    | 6    |
| 2    | 5    | 4    | 5    |
| 5    | 6    | 5    | 6    |
| 6    | 1    | 1    | 1    |
| 7    | 7    | 6    | 7    |
| 8    | 7    | 2    | 7    |
| 9    | 0    | 2    | 0    |
+------+------+------+------+
20 rows in set

EXPLAIN (SELECT  T132.C2 AS C1, T132.C4 AS C2, T132.C2 AS C3, T132.C1 AS C4 FROM T2 T132    ORDER BY 1 DESC ,2 ASC ,3 DESC ,4 ASC  ) UNION ALL ((SELECT  T133.C2 AS C1, T133.C4 AS C2, T133.C3 AS C3, T133.C3 AS C4 FROM T1 T133    ORDER BY 1 DESC ,2 ASC ,3 ASC ,4 ASC  ) EXCEPT (SELECT  T134.C2 AS C1, T134.C2 AS C2, T134.C2 AS C3, T134.C1 AS C4 FROM T1 T134    ORDER BY 1 ASC ,2 DESC ,3 ASC ,4 DESC  ))

Query Plan:
+----------------------------------------------+
| ID | OPERATOR      | NAME | ROW COUNT | COST |
+----------------------------------------------+
| 0  | UNION_ALL     |      | 3         | 12   |
| 1  |  SORT         |      | 1         | 4    |
| 2  |   TABLE SCAN  | T132 | 1         | 4    |
| 3  |  EXCEPT       |      | 2         | 8    |
| 4  |   SORT        |      | 1         | 4    |
| 5  |    TABLE SCAN | T133 | 1         | 4    |
| 6  |   SORT        |      | 1         | 4    |
| 7  |    TABLE SCAN | T134 | 1         | 4    |
+----------------------------------------------+
Outputs & filters:
0 - output([UNION_ALL(0)], [UNION_ALL(1)], [UNION_ALL(2)], [UNION_ALL(3)])
1 - output([t132.c2], [t132.c4], [t132.c2], [t132.c1])
sort_keys([t132.c2 DESC], [t132.c4 ASC], [t132.c2 DESC], [t132.c1 ASC])
2 - output([t132.c2], [t132.c4], [t132.c1])
access([t132.c2], [t132.c4], [t132.c1])
3 - output([EXCEPT(0)], [EXCEPT(1)], [EXCEPT(2)], [EXCEPT(3)])
4 - output([t133.c2], [t133.c4], [t133.c3], [t133.c3])
sort_keys([t133.c2 DESC], [t133.c4 ASC], [t133.c3 ASC], [t133.c3 ASC])
5 - output([t133.c2], [t133.c4], [t133.c3])
access([t133.c2], [t133.c4], [t133.c3])
6 - output([t134.c2], [t134.c2], [t134.c2], [t134.c1])
sort_keys([t134.c2 ASC], [t134.c2 DESC], [t134.c2 ASC], [t134.c1 DESC])
7 - output([t134.c2], [t134.c1])
access([t134.c2], [t134.c1])

outline:
/*+
BEGIN_OUTLINE_DATA
END_OUTLINE_DATA
*/

(SELECT  T132.C2 AS C1, T132.C4 AS C2, T132.C2 AS C3, T132.C1 AS C4 FROM T2 T132    ORDER BY 1 DESC ,2 ASC ,3 DESC ,4 ASC  ) UNION ALL ((SELECT  T133.C2 AS C1, T133.C4 AS C2, T133.C3 AS C3, T133.C3 AS C4 FROM T1 T133    ORDER BY 1 DESC ,2 ASC ,3 ASC ,4 ASC  ) EXCEPT (SELECT  T134.C2 AS C1, T134.C2 AS C2, T134.C2 AS C3, T134.C1 AS C4 FROM T1 T134    ORDER BY 1 ASC ,2 DESC ,3 ASC ,4 DESC  ))

+------+------+------+------+
| c1   | c2   | c3   | c4   |
+------+------+------+------+
| 7    | 5    | 7    | 7    |
| 7    | 5    | 7    | 8    |
| 6    | 2    | 6    | 2    |
| 6    | 6    | 6    | 5    |
| 6    | 7    | 6    | 2    |
| 5    | 2    | 5    | 2    |
| 1    | 4    | 1    | 0    |
| 1    | 8    | 1    | 6    |
| 0    | 3    | 0    | 9    |
| 0    | 4    | 0    | 0    |
+------+------+------+------+
10 rows in set

Bye
