

DROP DATABASE IF EXISTS RANDOM_TEST

CREATE DATABASE RANDOM_TEST

DROP TABLE IF EXISTS T1

CREATE TABLE T1(C1 NUMERIC, C2 NUMERIC, C3 NUMERIC, C4 NUMERIC)

SELECT * FROM T1

+------+------+------+------+
| c1   | c2   | c3   | c4   |
+------+------+------+------+
| 27   | 86   | 74   | 36   |
| 86   | 61   | 64   | 67   |
| 79   | 53   | 74   | 41   |
| 67   | 87   | 92   | 45   |
| 74   | 86   | 11   | 59   |
| 34   | 34   | 10   | 75   |
| 53   | 50   | 29   | 26   |
| 57   | 42   | 1    | 18   |
| 29   | 14   | 21   | 6    |
| 10   | 33   | 87   | 71   |
+------+------+------+------+
10 rows in set

EXPLAIN SELECT DISTINCT T1.C3 AS C1, (T1.C2 / 58) - T1.C4 AS C2, 16 AS C3, T1.C4 AS C4 FROM T1 T1    ORDER BY 1 ASC ,2 DESC ,3 ASC ,4 DESC

Query Plan:
+---------------------------------------------+
| ID | OPERATOR     | NAME | ROW COUNT | COST |
+---------------------------------------------+
| 0  | SORT         |      | 4         | 6    |
| 1  |  DISTINCT    |      | 4         | 5    |
| 2  |   TABLE SCAN | T1   | 4         | 4    |
+---------------------------------------------+
Outputs & filters:
0 - output([t1.c3], [t1.c2/58-t1.c4], [16], [t1.c4])
sort_keys([t1.c3 ASC], [t1.c2/58-t1.c4 DESC], [16 ASC], [t1.c4 DESC])
1 - output([t1.c3], [t1.c2/58-t1.c4], [t1.c4])
2 - output([t1.c3], [t1.c2/58-t1.c4], [t1.c4])
access([t1.c3], [t1.c2], [t1.c4])

SELECT DISTINCT T1.C3 AS C1, (T1.C2 / 58) - T1.C4 AS C2, 16 AS C3, T1.C4 AS C4 FROM T1 T1    ORDER BY 1 ASC ,2 DESC ,3 ASC ,4 DESC

+------+------+------+------+
| c1   | c2   | c3   | c4   |
+------+------+------+------+
| 1    | -18  | 16   | 18   |
| 10   | -75  | 16   | 75   |
| 11   | -58  | 16   | 59   |
| 21   | -6   | 16   | 6    |
| 29   | -26  | 16   | 26   |
| 64   | -66  | 16   | 67   |
| 74   | -35  | 16   | 36   |
| 74   | -41  | 16   | 41   |
| 87   | -71  | 16   | 71   |
| 92   | -44  | 16   | 45   |
+------+------+------+------+
10 rows in set

EXPLAIN SELECT DISTINCT T1.C1 AS C1, T1.C4 AS C2, T1.C4 AS C3, T1.C1 AS C4 FROM T1 T1    ORDER BY 1 ASC ,2 ASC ,3 DESC ,4 ASC

Query Plan:
+---------------------------------------------+
| ID | OPERATOR     | NAME | ROW COUNT | COST |
+---------------------------------------------+
| 0  | SORT         |      | 4         | 6    |
| 1  |  DISTINCT    |      | 4         | 5    |
| 2  |   TABLE SCAN | T1   | 4         | 4    |
+---------------------------------------------+
Outputs & filters:
0 - output([t1.c1], [t1.c4], [t1.c4], [t1.c1])
sort_keys([t1.c1 ASC], [t1.c4 ASC], [t1.c4 DESC], [t1.c1 ASC])
1 - output([t1.c1], [t1.c4])
2 - output([t1.c1], [t1.c4])
access([t1.c1], [t1.c4])

SELECT DISTINCT T1.C1 AS C1, T1.C4 AS C2, T1.C4 AS C3, T1.C1 AS C4 FROM T1 T1    ORDER BY 1 ASC ,2 ASC ,3 DESC ,4 ASC

+------+------+------+------+
| c1   | c2   | c3   | c4   |
+------+------+------+------+
| 10   | 71   | 71   | 10   |
| 27   | 36   | 36   | 27   |
| 29   | 6    | 6    | 29   |
| 34   | 75   | 75   | 34   |
| 53   | 26   | 26   | 53   |
| 57   | 18   | 18   | 57   |
| 67   | 45   | 45   | 67   |
| 74   | 59   | 59   | 74   |
| 79   | 41   | 41   | 79   |
| 86   | 67   | 67   | 86   |
+------+------+------+------+
10 rows in set

EXPLAIN SELECT DISTINCT T1.C2 AS C1, 67 AS C2, T1.C3 AS C3, T1.C3 AS C4 FROM T1 T1    ORDER BY 1 ASC ,2 ASC ,3 ASC ,4 DESC

Query Plan:
+---------------------------------------------+
| ID | OPERATOR     | NAME | ROW COUNT | COST |
+---------------------------------------------+
| 0  | SORT         |      | 4         | 6    |
| 1  |  DISTINCT    |      | 4         | 5    |
| 2  |   TABLE SCAN | T1   | 4         | 4    |
+---------------------------------------------+
Outputs & filters:
0 - output([t1.c2], [67], [t1.c3], [t1.c3])
sort_keys([t1.c2 ASC], [67 ASC], [t1.c3 ASC], [t1.c3 DESC])
1 - output([t1.c2], [t1.c3])
2 - output([t1.c2], [t1.c3])
access([t1.c2], [t1.c3])

SELECT DISTINCT T1.C2 AS C1, 67 AS C2, T1.C3 AS C3, T1.C3 AS C4 FROM T1 T1    ORDER BY 1 ASC ,2 ASC ,3 ASC ,4 DESC

+------+------+------+------+
| c1   | c2   | c3   | c4   |
+------+------+------+------+
| 14   | 67   | 21   | 21   |
| 33   | 67   | 87   | 87   |
| 34   | 67   | 10   | 10   |
| 42   | 67   | 1    | 1    |
| 50   | 67   | 29   | 29   |
| 53   | 67   | 74   | 74   |
| 61   | 67   | 64   | 64   |
| 86   | 67   | 11   | 11   |
| 86   | 67   | 74   | 74   |
| 87   | 67   | 92   | 92   |
+------+------+------+------+
10 rows in set

EXPLAIN SELECT DISTINCT T1.C2 AS C1, T1.C4 AS C2, T1.C3 AS C3, T1.C2 AS C4 FROM T1 T1    ORDER BY 1 DESC ,2 ASC ,3 DESC ,4 DESC

Query Plan:
+---------------------------------------------+
| ID | OPERATOR     | NAME | ROW COUNT | COST |
+---------------------------------------------+
| 0  | SORT         |      | 4         | 6    |
| 1  |  DISTINCT    |      | 4         | 5    |
| 2  |   TABLE SCAN | T1   | 4         | 4    |
+---------------------------------------------+
Outputs & filters:
0 - output([t1.c2], [t1.c4], [t1.c3], [t1.c2])
sort_keys([t1.c2 DESC], [t1.c4 ASC], [t1.c3 DESC], [t1.c2 DESC])
1 - output([t1.c2], [t1.c4], [t1.c3])
2 - output([t1.c2], [t1.c4], [t1.c3])
access([t1.c2], [t1.c4], [t1.c3])

SELECT DISTINCT T1.C2 AS C1, T1.C4 AS C2, T1.C3 AS C3, T1.C2 AS C4 FROM T1 T1    ORDER BY 1 DESC ,2 ASC ,3 DESC ,4 DESC

+------+------+------+------+
| c1   | c2   | c3   | c4   |
+------+------+------+------+
| 87   | 45   | 92   | 87   |
| 86   | 36   | 74   | 86   |
| 86   | 59   | 11   | 86   |
| 61   | 67   | 64   | 61   |
| 53   | 41   | 74   | 53   |
| 50   | 26   | 29   | 50   |
| 42   | 18   | 1    | 42   |
| 34   | 75   | 10   | 34   |
| 33   | 71   | 87   | 33   |
| 14   | 6    | 21   | 14   |
+------+------+------+------+
10 rows in set

EXPLAIN SELECT DISTINCT 46 AS C1, T1.C1 AS C2, T1.C4 AS C3, T1.C1 AS C4 FROM T1 T1    ORDER BY 1 ASC ,2 DESC ,3 ASC ,4 ASC

Query Plan:
+---------------------------------------------+
| ID | OPERATOR     | NAME | ROW COUNT | COST |
+---------------------------------------------+
| 0  | SORT         |      | 4         | 6    |
| 1  |  DISTINCT    |      | 4         | 5    |
| 2  |   TABLE SCAN | T1   | 4         | 4    |
+---------------------------------------------+
Outputs & filters:
0 - output([46], [t1.c1], [t1.c4], [t1.c1])
sort_keys([46 ASC], [t1.c1 DESC], [t1.c4 ASC], [t1.c1 ASC])
1 - output([t1.c1], [t1.c4])
2 - output([t1.c1], [t1.c4])
access([t1.c1], [t1.c4])

SELECT DISTINCT 46 AS C1, T1.C1 AS C2, T1.C4 AS C3, T1.C1 AS C4 FROM T1 T1    ORDER BY 1 ASC ,2 DESC ,3 ASC ,4 ASC

+------+------+------+------+
| c1   | c2   | c3   | c4   |
+------+------+------+------+
| 46   | 86   | 67   | 86   |
| 46   | 79   | 41   | 79   |
| 46   | 74   | 59   | 74   |
| 46   | 67   | 45   | 67   |
| 46   | 57   | 18   | 57   |
| 46   | 53   | 26   | 53   |
| 46   | 34   | 75   | 34   |
| 46   | 29   | 6    | 29   |
| 46   | 27   | 36   | 27   |
| 46   | 10   | 71   | 10   |
+------+------+------+------+
10 rows in set

EXPLAIN SELECT DISTINCT T1.C1 AS C1, 71 AS C2, 87 AS C3, T1.C1 AS C4 FROM T1 T1    ORDER BY 1 DESC ,2 ASC ,3 DESC ,4 ASC

Query Plan:
+---------------------------------------------+
| ID | OPERATOR     | NAME | ROW COUNT | COST |
+---------------------------------------------+
| 0  | SORT         |      | 4         | 6    |
| 1  |  DISTINCT    |      | 4         | 5    |
| 2  |   TABLE SCAN | T1   | 4         | 4    |
+---------------------------------------------+
Outputs & filters:
0 - output([t1.c1], [71], [87], [t1.c1])
sort_keys([t1.c1 DESC], [71 ASC], [87 DESC], [t1.c1 ASC])
1 - output([t1.c1])
2 - output([t1.c1])
access([t1.c1])

SELECT DISTINCT T1.C1 AS C1, 71 AS C2, 87 AS C3, T1.C1 AS C4 FROM T1 T1    ORDER BY 1 DESC ,2 ASC ,3 DESC ,4 ASC

+------+------+------+------+
| c1   | c2   | c3   | c4   |
+------+------+------+------+
| 86   | 71   | 87   | 86   |
| 79   | 71   | 87   | 79   |
| 74   | 71   | 87   | 74   |
| 67   | 71   | 87   | 67   |
| 57   | 71   | 87   | 57   |
| 53   | 71   | 87   | 53   |
| 34   | 71   | 87   | 34   |
| 29   | 71   | 87   | 29   |
| 27   | 71   | 87   | 27   |
| 10   | 71   | 87   | 10   |
+------+------+------+------+
10 rows in set

EXPLAIN SELECT DISTINCT 74 AS C1, T1.C1 AS C2, T1.C1 AS C3, 9 AS C4 FROM T1 T1    ORDER BY 1 ASC ,2 ASC ,3 ASC ,4 ASC

Query Plan:
+---------------------------------------------+
| ID | OPERATOR     | NAME | ROW COUNT | COST |
+---------------------------------------------+
| 0  | SORT         |      | 4         | 6    |
| 1  |  DISTINCT    |      | 4         | 5    |
| 2  |   TABLE SCAN | T1   | 4         | 4    |
+---------------------------------------------+
Outputs & filters:
0 - output([74], [t1.c1], [t1.c1], [9])
sort_keys([74 ASC], [t1.c1 ASC], [t1.c1 ASC], [9 ASC])
1 - output([t1.c1])
2 - output([t1.c1])
access([t1.c1])

SELECT DISTINCT 74 AS C1, T1.C1 AS C2, T1.C1 AS C3, 9 AS C4 FROM T1 T1    ORDER BY 1 ASC ,2 ASC ,3 ASC ,4 ASC

+------+------+------+------+
| c1   | c2   | c3   | c4   |
+------+------+------+------+
| 74   | 10   | 10   | 9    |
| 74   | 27   | 27   | 9    |
| 74   | 29   | 29   | 9    |
| 74   | 34   | 34   | 9    |
| 74   | 53   | 53   | 9    |
| 74   | 57   | 57   | 9    |
| 74   | 67   | 67   | 9    |
| 74   | 74   | 74   | 9    |
| 74   | 79   | 79   | 9    |
| 74   | 86   | 86   | 9    |
+------+------+------+------+
10 rows in set

EXPLAIN SELECT DISTINCT T1.C4 AS C1, 43 AS C2, T1.C3 AS C3, T1.C1 AS C4 FROM T1 T1    ORDER BY 1 ASC ,2 DESC ,3 DESC ,4 DESC

Query Plan:
+---------------------------------------------+
| ID | OPERATOR     | NAME | ROW COUNT | COST |
+---------------------------------------------+
| 0  | SORT         |      | 4         | 6    |
| 1  |  DISTINCT    |      | 4         | 5    |
| 2  |   TABLE SCAN | T1   | 4         | 4    |
+---------------------------------------------+
Outputs & filters:
0 - output([t1.c4], [43], [t1.c3], [t1.c1])
sort_keys([t1.c4 ASC], [43 DESC], [t1.c3 DESC], [t1.c1 DESC])
1 - output([t1.c4], [t1.c3], [t1.c1])
2 - output([t1.c4], [t1.c3], [t1.c1])
access([t1.c4], [t1.c3], [t1.c1])

SELECT DISTINCT T1.C4 AS C1, 43 AS C2, T1.C3 AS C3, T1.C1 AS C4 FROM T1 T1    ORDER BY 1 ASC ,2 DESC ,3 DESC ,4 DESC

+------+------+------+------+
| c1   | c2   | c3   | c4   |
+------+------+------+------+
| 6    | 43   | 21   | 29   |
| 18   | 43   | 1    | 57   |
| 26   | 43   | 29   | 53   |
| 36   | 43   | 74   | 27   |
| 41   | 43   | 74   | 79   |
| 45   | 43   | 92   | 67   |
| 59   | 43   | 11   | 74   |
| 67   | 43   | 64   | 86   |
| 71   | 43   | 87   | 10   |
| 75   | 43   | 10   | 34   |
+------+------+------+------+
10 rows in set

EXPLAIN SELECT DISTINCT T1.C3 AS C1, T1.C2 AS C2, 76 AS C3, T1.C3 AS C4 FROM T1 T1    ORDER BY 1 DESC ,2 ASC ,3 DESC ,4 DESC

Query Plan:
+---------------------------------------------+
| ID | OPERATOR     | NAME | ROW COUNT | COST |
+---------------------------------------------+
| 0  | SORT         |      | 4         | 6    |
| 1  |  DISTINCT    |      | 4         | 5    |
| 2  |   TABLE SCAN | T1   | 4         | 4    |
+---------------------------------------------+
Outputs & filters:
0 - output([t1.c3], [t1.c2], [76], [t1.c3])
sort_keys([t1.c3 DESC], [t1.c2 ASC], [76 DESC], [t1.c3 DESC])
1 - output([t1.c3], [t1.c2])
2 - output([t1.c3], [t1.c2])
access([t1.c3], [t1.c2])

SELECT DISTINCT T1.C3 AS C1, T1.C2 AS C2, 76 AS C3, T1.C3 AS C4 FROM T1 T1    ORDER BY 1 DESC ,2 ASC ,3 DESC ,4 DESC

+------+------+------+------+
| c1   | c2   | c3   | c4   |
+------+------+------+------+
| 92   | 87   | 76   | 92   |
| 87   | 33   | 76   | 87   |
| 74   | 53   | 76   | 74   |
| 74   | 86   | 76   | 74   |
| 64   | 61   | 76   | 64   |
| 29   | 50   | 76   | 29   |
| 21   | 14   | 76   | 21   |
| 11   | 86   | 76   | 11   |
| 10   | 34   | 76   | 10   |
| 1    | 42   | 76   | 1    |
+------+------+------+------+
10 rows in set

EXPLAIN SELECT DISTINCT T1.C3 AS C1, T1.C2 AS C2, T1.C1 AS C3, T1.C3 AS C4 FROM T1 T1    ORDER BY 1 ASC ,2 DESC ,3 DESC ,4 ASC

Query Plan:
+---------------------------------------------+
| ID | OPERATOR     | NAME | ROW COUNT | COST |
+---------------------------------------------+
| 0  | SORT         |      | 4         | 6    |
| 1  |  DISTINCT    |      | 4         | 5    |
| 2  |   TABLE SCAN | T1   | 4         | 4    |
+---------------------------------------------+
Outputs & filters:
0 - output([t1.c3], [t1.c2], [t1.c1], [t1.c3])
sort_keys([t1.c3 ASC], [t1.c2 DESC], [t1.c1 DESC], [t1.c3 ASC])
1 - output([t1.c3], [t1.c2], [t1.c1])
2 - output([t1.c3], [t1.c2], [t1.c1])
access([t1.c3], [t1.c2], [t1.c1])

SELECT DISTINCT T1.C3 AS C1, T1.C2 AS C2, T1.C1 AS C3, T1.C3 AS C4 FROM T1 T1    ORDER BY 1 ASC ,2 DESC ,3 DESC ,4 ASC

+------+------+------+------+
| c1   | c2   | c3   | c4   |
+------+------+------+------+
| 1    | 42   | 57   | 1    |
| 10   | 34   | 34   | 10   |
| 11   | 86   | 74   | 11   |
| 21   | 14   | 29   | 21   |
| 29   | 50   | 53   | 29   |
| 64   | 61   | 86   | 64   |
| 74   | 86   | 27   | 74   |
| 74   | 53   | 79   | 74   |
| 87   | 33   | 10   | 87   |
| 92   | 87   | 67   | 92   |
+------+------+------+------+
10 rows in set

EXPLAIN SELECT DISTINCT T1.C1 AS C1, 33 AS C2, T1.C2 AS C3, T1.C1 AS C4 FROM T1 T1    ORDER BY 1 ASC ,2 ASC ,3 DESC ,4 DESC

Query Plan:
+---------------------------------------------+
| ID | OPERATOR     | NAME | ROW COUNT | COST |
+---------------------------------------------+
| 0  | SORT         |      | 4         | 6    |
| 1  |  DISTINCT    |      | 4         | 5    |
| 2  |   TABLE SCAN | T1   | 4         | 4    |
+---------------------------------------------+
Outputs & filters:
0 - output([t1.c1], [33], [t1.c2], [t1.c1])
sort_keys([t1.c1 ASC], [33 ASC], [t1.c2 DESC], [t1.c1 DESC])
1 - output([t1.c1], [t1.c2])
2 - output([t1.c1], [t1.c2])
access([t1.c1], [t1.c2])

SELECT DISTINCT T1.C1 AS C1, 33 AS C2, T1.C2 AS C3, T1.C1 AS C4 FROM T1 T1    ORDER BY 1 ASC ,2 ASC ,3 DESC ,4 DESC

+------+------+------+------+
| c1   | c2   | c3   | c4   |
+------+------+------+------+
| 10   | 33   | 33   | 10   |
| 27   | 33   | 86   | 27   |
| 29   | 33   | 14   | 29   |
| 34   | 33   | 34   | 34   |
| 53   | 33   | 50   | 53   |
| 57   | 33   | 42   | 57   |
| 67   | 33   | 87   | 67   |
| 74   | 33   | 86   | 74   |
| 79   | 33   | 53   | 79   |
| 86   | 33   | 61   | 86   |
+------+------+------+------+
10 rows in set

EXPLAIN SELECT DISTINCT 92 AS C1, T1.C3 AS C2, T1.C1 AS C3, T1.C2 AS C4 FROM T1 T1    ORDER BY 1 DESC ,2 ASC ,3 DESC ,4 DESC

Query Plan:
+---------------------------------------------+
| ID | OPERATOR     | NAME | ROW COUNT | COST |
+---------------------------------------------+
| 0  | SORT         |      | 4         | 6    |
| 1  |  DISTINCT    |      | 4         | 5    |
| 2  |   TABLE SCAN | T1   | 4         | 4    |
+---------------------------------------------+
Outputs & filters:
0 - output([92], [t1.c3], [t1.c1], [t1.c2])
sort_keys([92 DESC], [t1.c3 ASC], [t1.c1 DESC], [t1.c2 DESC])
1 - output([t1.c3], [t1.c1], [t1.c2])
2 - output([t1.c3], [t1.c1], [t1.c2])
access([t1.c3], [t1.c1], [t1.c2])

SELECT DISTINCT 92 AS C1, T1.C3 AS C2, T1.C1 AS C3, T1.C2 AS C4 FROM T1 T1    ORDER BY 1 DESC ,2 ASC ,3 DESC ,4 DESC

+------+------+------+------+
| c1   | c2   | c3   | c4   |
+------+------+------+------+
| 92   | 1    | 57   | 42   |
| 92   | 10   | 34   | 34   |
| 92   | 11   | 74   | 86   |
| 92   | 21   | 29   | 14   |
| 92   | 29   | 53   | 50   |
| 92   | 64   | 86   | 61   |
| 92   | 74   | 79   | 53   |
| 92   | 74   | 27   | 86   |
| 92   | 87   | 10   | 33   |
| 92   | 92   | 67   | 87   |
+------+------+------+------+
10 rows in set

EXPLAIN SELECT DISTINCT T1.C1 AS C1, T1.C1 AS C2, T1.C3 AS C3, 69 AS C4 FROM T1 T1    ORDER BY 1 DESC ,2 DESC ,3 DESC ,4 ASC

Query Plan:
+---------------------------------------------+
| ID | OPERATOR     | NAME | ROW COUNT | COST |
+---------------------------------------------+
| 0  | SORT         |      | 4         | 6    |
| 1  |  DISTINCT    |      | 4         | 5    |
| 2  |   TABLE SCAN | T1   | 4         | 4    |
+---------------------------------------------+
Outputs & filters:
0 - output([t1.c1], [t1.c1], [t1.c3], [69])
sort_keys([t1.c1 DESC], [t1.c1 DESC], [t1.c3 DESC], [69 ASC])
1 - output([t1.c1], [t1.c3])
2 - output([t1.c1], [t1.c3])
access([t1.c1], [t1.c3])

SELECT DISTINCT T1.C1 AS C1, T1.C1 AS C2, T1.C3 AS C3, 69 AS C4 FROM T1 T1    ORDER BY 1 DESC ,2 DESC ,3 DESC ,4 ASC

+------+------+------+------+
| c1   | c2   | c3   | c4   |
+------+------+------+------+
| 86   | 86   | 64   | 69   |
| 79   | 79   | 74   | 69   |
| 74   | 74   | 11   | 69   |
| 67   | 67   | 92   | 69   |
| 57   | 57   | 1    | 69   |
| 53   | 53   | 29   | 69   |
| 34   | 34   | 10   | 69   |
| 29   | 29   | 21   | 69   |
| 27   | 27   | 74   | 69   |
| 10   | 10   | 87   | 69   |
+------+------+------+------+
10 rows in set

EXPLAIN SELECT DISTINCT T1.C2 AS C1, 90 AS C2, 47 AS C3, 13 AS C4 FROM T1 T1    ORDER BY 1 ASC ,2 DESC ,3 DESC ,4 ASC

Query Plan:
+---------------------------------------------+
| ID | OPERATOR     | NAME | ROW COUNT | COST |
+---------------------------------------------+
| 0  | SORT         |      | 2         | 5    |
| 1  |  DISTINCT    |      | 2         | 5    |
| 2  |   TABLE SCAN | T1   | 4         | 4    |
+---------------------------------------------+
Outputs & filters:
0 - output([t1.c2], [90], [47], [13])
sort_keys([t1.c2 ASC], [90 DESC], [47 DESC], [13 ASC])
1 - output([t1.c2])
2 - output([t1.c2])
access([t1.c2])

SELECT DISTINCT T1.C2 AS C1, 90 AS C2, 47 AS C3, 13 AS C4 FROM T1 T1    ORDER BY 1 ASC ,2 DESC ,3 DESC ,4 ASC

+------+------+------+------+
| c1   | c2   | c3   | c4   |
+------+------+------+------+
| 14   | 90   | 47   | 13   |
| 33   | 90   | 47   | 13   |
| 34   | 90   | 47   | 13   |
| 42   | 90   | 47   | 13   |
| 50   | 90   | 47   | 13   |
| 53   | 90   | 47   | 13   |
| 61   | 90   | 47   | 13   |
| 86   | 90   | 47   | 13   |
| 87   | 90   | 47   | 13   |
+------+------+------+------+
9 rows in set

EXPLAIN SELECT DISTINCT T1.C4 AS C1, T1.C2 AS C2, 91 AS C3, 47 AS C4 FROM T1 T1    ORDER BY 1 ASC ,2 ASC ,3 DESC ,4 ASC

Query Plan:
+---------------------------------------------+
| ID | OPERATOR     | NAME | ROW COUNT | COST |
+---------------------------------------------+
| 0  | SORT         |      | 4         | 6    |
| 1  |  DISTINCT    |      | 4         | 5    |
| 2  |   TABLE SCAN | T1   | 4         | 4    |
+---------------------------------------------+
Outputs & filters:
0 - output([t1.c4], [t1.c2], [91], [47])
sort_keys([t1.c4 ASC], [t1.c2 ASC], [91 DESC], [47 ASC])
1 - output([t1.c4], [t1.c2])
2 - output([t1.c4], [t1.c2])
access([t1.c4], [t1.c2])

SELECT DISTINCT T1.C4 AS C1, T1.C2 AS C2, 91 AS C3, 47 AS C4 FROM T1 T1    ORDER BY 1 ASC ,2 ASC ,3 DESC ,4 ASC

+------+------+------+------+
| c1   | c2   | c3   | c4   |
+------+------+------+------+
| 6    | 14   | 91   | 47   |
| 18   | 42   | 91   | 47   |
| 26   | 50   | 91   | 47   |
| 36   | 86   | 91   | 47   |
| 41   | 53   | 91   | 47   |
| 45   | 87   | 91   | 47   |
| 59   | 86   | 91   | 47   |
| 67   | 61   | 91   | 47   |
| 71   | 33   | 91   | 47   |
| 75   | 34   | 91   | 47   |
+------+------+------+------+
10 rows in set

EXPLAIN SELECT DISTINCT 69 AS C1, 70 AS C2, 29 AS C3, T1.C2 AS C4 FROM T1 T1    ORDER BY 1 DESC ,2 DESC ,3 DESC ,4 ASC

Query Plan:
+---------------------------------------------+
| ID | OPERATOR     | NAME | ROW COUNT | COST |
+---------------------------------------------+
| 0  | SORT         |      | 2         | 5    |
| 1  |  DISTINCT    |      | 2         | 5    |
| 2  |   TABLE SCAN | T1   | 4         | 4    |
+---------------------------------------------+
Outputs & filters:
0 - output([69], [70], [29], [t1.c2])
sort_keys([69 DESC], [70 DESC], [29 DESC], [t1.c2 ASC])
1 - output([t1.c2])
2 - output([t1.c2])
access([t1.c2])

SELECT DISTINCT 69 AS C1, 70 AS C2, 29 AS C3, T1.C2 AS C4 FROM T1 T1    ORDER BY 1 DESC ,2 DESC ,3 DESC ,4 ASC

+------+------+------+------+
| c1   | c2   | c3   | c4   |
+------+------+------+------+
| 69   | 70   | 29   | 14   |
| 69   | 70   | 29   | 33   |
| 69   | 70   | 29   | 34   |
| 69   | 70   | 29   | 42   |
| 69   | 70   | 29   | 50   |
| 69   | 70   | 29   | 53   |
| 69   | 70   | 29   | 61   |
| 69   | 70   | 29   | 86   |
| 69   | 70   | 29   | 87   |
+------+------+------+------+
9 rows in set

EXPLAIN SELECT DISTINCT T1.C4 AS C1, T1.C2 AS C2, T1.C1 AS C3, T1.C4 AS C4 FROM T1 T1    ORDER BY 1 DESC ,2 ASC ,3 DESC ,4 ASC

Query Plan:
+---------------------------------------------+
| ID | OPERATOR     | NAME | ROW COUNT | COST |
+---------------------------------------------+
| 0  | SORT         |      | 4         | 6    |
| 1  |  DISTINCT    |      | 4         | 5    |
| 2  |   TABLE SCAN | T1   | 4         | 4    |
+---------------------------------------------+
Outputs & filters:
0 - output([t1.c4], [t1.c2], [t1.c1], [t1.c4])
sort_keys([t1.c4 DESC], [t1.c2 ASC], [t1.c1 DESC], [t1.c4 ASC])
1 - output([t1.c4], [t1.c2], [t1.c1])
2 - output([t1.c4], [t1.c2], [t1.c1])
access([t1.c4], [t1.c2], [t1.c1])

SELECT DISTINCT T1.C4 AS C1, T1.C2 AS C2, T1.C1 AS C3, T1.C4 AS C4 FROM T1 T1    ORDER BY 1 DESC ,2 ASC ,3 DESC ,4 ASC

+------+------+------+------+
| c1   | c2   | c3   | c4   |
+------+------+------+------+
| 75   | 34   | 34   | 75   |
| 71   | 33   | 10   | 71   |
| 67   | 61   | 86   | 67   |
| 59   | 86   | 74   | 59   |
| 45   | 87   | 67   | 45   |
| 41   | 53   | 79   | 41   |
| 36   | 86   | 27   | 36   |
| 26   | 50   | 53   | 26   |
| 18   | 42   | 57   | 18   |
| 6    | 14   | 29   | 6    |
+------+------+------+------+
10 rows in set

EXPLAIN SELECT DISTINCT T1.C4 AS C1, T1.C3 AS C2, T1.C2 AS C3, 55 AS C4 FROM T1 T1    ORDER BY 1 ASC ,2 ASC ,3 ASC ,4 DESC

Query Plan:
+---------------------------------------------+
| ID | OPERATOR     | NAME | ROW COUNT | COST |
+---------------------------------------------+
| 0  | SORT         |      | 4         | 6    |
| 1  |  DISTINCT    |      | 4         | 5    |
| 2  |   TABLE SCAN | T1   | 4         | 4    |
+---------------------------------------------+
Outputs & filters:
0 - output([t1.c4], [t1.c3], [t1.c2], [55])
sort_keys([t1.c4 ASC], [t1.c3 ASC], [t1.c2 ASC], [55 DESC])
1 - output([t1.c4], [t1.c3], [t1.c2])
2 - output([t1.c4], [t1.c3], [t1.c2])
access([t1.c4], [t1.c3], [t1.c2])

SELECT DISTINCT T1.C4 AS C1, T1.C3 AS C2, T1.C2 AS C3, 55 AS C4 FROM T1 T1    ORDER BY 1 ASC ,2 ASC ,3 ASC ,4 DESC

+------+------+------+------+
| c1   | c2   | c3   | c4   |
+------+------+------+------+
| 6    | 21   | 14   | 55   |
| 18   | 1    | 42   | 55   |
| 26   | 29   | 50   | 55   |
| 36   | 74   | 86   | 55   |
| 41   | 74   | 53   | 55   |
| 45   | 92   | 87   | 55   |
| 59   | 11   | 86   | 55   |
| 67   | 64   | 61   | 55   |
| 71   | 87   | 33   | 55   |
| 75   | 10   | 34   | 55   |
+------+------+------+------+
10 rows in set

EXPLAIN SELECT DISTINCT T1.C3 AS C1, T1.C1 AS C2, T1.C2 AS C3, T1.C3 AS C4 FROM T1 T1    ORDER BY 1 DESC ,2 DESC ,3 DESC ,4 DESC

Query Plan:
+---------------------------------------------+
| ID | OPERATOR     | NAME | ROW COUNT | COST |
+---------------------------------------------+
| 0  | SORT         |      | 4         | 6    |
| 1  |  DISTINCT    |      | 4         | 5    |
| 2  |   TABLE SCAN | T1   | 4         | 4    |
+---------------------------------------------+
Outputs & filters:
0 - output([t1.c3], [t1.c1], [t1.c2], [t1.c3])
sort_keys([t1.c3 DESC], [t1.c1 DESC], [t1.c2 DESC], [t1.c3 DESC])
1 - output([t1.c3], [t1.c1], [t1.c2])
2 - output([t1.c3], [t1.c1], [t1.c2])
access([t1.c3], [t1.c1], [t1.c2])

SELECT DISTINCT T1.C3 AS C1, T1.C1 AS C2, T1.C2 AS C3, T1.C3 AS C4 FROM T1 T1    ORDER BY 1 DESC ,2 DESC ,3 DESC ,4 DESC

+------+------+------+------+
| c1   | c2   | c3   | c4   |
+------+------+------+------+
| 92   | 67   | 87   | 92   |
| 87   | 10   | 33   | 87   |
| 74   | 79   | 53   | 74   |
| 74   | 27   | 86   | 74   |
| 64   | 86   | 61   | 64   |
| 29   | 53   | 50   | 29   |
| 21   | 29   | 14   | 21   |
| 11   | 74   | 86   | 11   |
| 10   | 34   | 34   | 10   |
| 1    | 57   | 42   | 1    |
+------+------+------+------+
10 rows in set

EXPLAIN SELECT DISTINCT T1.C1 AS C1, T1.C4 AS C2, 85 AS C3, T1.C4 AS C4 FROM T1 T1    ORDER BY 1 DESC ,2 ASC ,3 DESC ,4 ASC

Query Plan:
+---------------------------------------------+
| ID | OPERATOR     | NAME | ROW COUNT | COST |
+---------------------------------------------+
| 0  | SORT         |      | 4         | 6    |
| 1  |  DISTINCT    |      | 4         | 5    |
| 2  |   TABLE SCAN | T1   | 4         | 4    |
+---------------------------------------------+
Outputs & filters:
0 - output([t1.c1], [t1.c4], [85], [t1.c4])
sort_keys([t1.c1 DESC], [t1.c4 ASC], [85 DESC], [t1.c4 ASC])
1 - output([t1.c1], [t1.c4])
2 - output([t1.c1], [t1.c4])
access([t1.c1], [t1.c4])

SELECT DISTINCT T1.C1 AS C1, T1.C4 AS C2, 85 AS C3, T1.C4 AS C4 FROM T1 T1    ORDER BY 1 DESC ,2 ASC ,3 DESC ,4 ASC

+------+------+------+------+
| c1   | c2   | c3   | c4   |
+------+------+------+------+
| 86   | 67   | 85   | 67   |
| 79   | 41   | 85   | 41   |
| 74   | 59   | 85   | 59   |
| 67   | 45   | 85   | 45   |
| 57   | 18   | 85   | 18   |
| 53   | 26   | 85   | 26   |
| 34   | 75   | 85   | 75   |
| 29   | 6    | 85   | 6    |
| 27   | 36   | 85   | 36   |
| 10   | 71   | 85   | 71   |
+------+------+------+------+
10 rows in set

Bye
