

DROP DATABASE IF EXISTS RANDOM_TEST

CREATE DATABASE RANDOM_TEST

DROP TABLE IF EXISTS T1

CREATE TABLE T1(C1 INT, C2 INT, C3 INT, C4 INT)

SELECT * FROM T1

+------+------+------+------+
| c1   | c2   | c3   | c4   |
+------+------+------+------+
| 5    | 4    | 3    | 1    |
| 5    | 7    | 3    | 7    |
| 8    | 5    | 3    | 5    |
| 8    | 5    | 6    | 1    |
| 3    | 4    | 5    | 5    |
| 9    | 4    | 9    | 2    |
| 6    | 3    | 1    | 2    |
| 4    | 6    | 8    | 8    |
| 9    | 8    | 1    | 6    |
| 6    | 1    | 2    | 6    |
+------+------+------+------+
10 rows in set

DROP TABLE IF EXISTS T2

CREATE TABLE T2(C1 INT, C2 INT, C3 INT, C4 INT)

SELECT * FROM T2

+------+------+------+------+
| c1   | c2   | c3   | c4   |
+------+------+------+------+
| 3    | 6    | 1    | 3    |
| 3    | 8    | 4    | 4    |
| 9    | 9    | 2    | 6    |
| 7    | 6    | 5    | 1    |
| 6    | 1    | 1    | 4    |
| 4    | 7    | 7    | 1    |
| 2    | 7    | 3    | 2    |
| 1    | 7    | 1    | 1    |
| 1    | 5    | 1    | 4    |
| 7    | 4    | 4    | 8    |
+------+------+------+------+
10 rows in set

EXPLAIN SELECT  48 AS C1, T2.C1 AS C2, T2.C4 AS C3, 25 AS C4 FROM (SELECT  T1.C3 AS C1, T1.C1 AS C2, T1.C3 AS C3, T1.C4 AS C4 FROM T2 T1    ORDER BY 1 ASC ,2 ASC ,3 ASC ,4 ASC  ) T2    ORDER BY 1 ASC ,2 DESC ,3 ASC ,4 ASC

Query Plan:
+------------------------------------------------+
| ID | OPERATOR      | NAME | ROW COUNT | COST   |
+------------------------------------------------+
| 0  | SORT          |      | 100000    | 291720 |
| 1  |  VIEW         | T2   | 100000    | 153565 |
| 2  |   SORT        |      | 100000    | 153565 |
| 3  |    TABLE SCAN | T1   | 100000    | 15410  |
+------------------------------------------------+
Outputs & filters:
0 - output([48], [t2.c1], [t2.c4], [25])
sort_keys([48 ASC], [t2.c1 DESC], [t2.c4 ASC], [25 ASC])
1 - output([t2.c1], [t2.c4])
2 - output([t1.c3], [t1.c1], [t1.c3], [t1.c4])
sort_keys([t1.c3 ASC], [t1.c1 ASC], [t1.c3 ASC], [t1.c4 ASC])
3 - output([t1.c3], [t1.c1], [t1.c4])
access([t1.c3], [t1.c1], [t1.c4])

outline:
/*+
BEGIN_OUTLINE_DATA
END_OUTLINE_DATA
*/

SELECT  48 AS C1, T2.C1 AS C2, T2.C4 AS C3, 25 AS C4 FROM (SELECT  T1.C3 AS C1, T1.C1 AS C2, T1.C3 AS C3, T1.C4 AS C4 FROM T2 T1    ORDER BY 1 ASC ,2 ASC ,3 ASC ,4 ASC  ) T2    ORDER BY 1 ASC ,2 DESC ,3 ASC ,4 ASC

+------+------+------+------+
| c1   | c2   | c3   | c4   |
+------+------+------+------+
| 48   | 1    | 4    | 25   |
| 48   | 1    | 4    | 25   |
| 48   | 1    | 3    | 25   |
| 48   | 2    | 6    | 25   |
| 48   | 3    | 2    | 25   |
| 48   | 4    | 4    | 25   |
| 48   | 4    | 8    | 25   |
| 48   | 5    | 1    | 25   |
| 48   | 7    | 1    | 25   |
| 48   | 1    | 1    | 25   |
+------+------+------+------+
10 rows in set

EXPLAIN SELECT  T3.C4 AS C1, 35 AS C2, T3.C1 AS C3, 10 AS C4 FROM T1 T3    ORDER BY 1 DESC ,2 DESC ,3 ASC ,4 ASC

Query Plan:
+----------------------------------------------+
| ID | OPERATOR    | NAME | ROW COUNT | COST   |
+----------------------------------------------+
| 0  | SORT        |      | 100000    | 148565 |
| 1  |  TABLE SCAN | T3   | 100000    | 10410  |
+----------------------------------------------+
Outputs & filters:
0 - output([t3.c4], [35], [t3.c1], [10])
sort_keys([t3.c4 DESC], [35 DESC], [t3.c1 ASC], [10 ASC])
1 - output([t3.c4], [t3.c1])
access([t3.c4], [t3.c1])

outline:
/*+
BEGIN_OUTLINE_DATA
END_OUTLINE_DATA
*/

SELECT  T3.C4 AS C1, 35 AS C2, T3.C1 AS C3, 10 AS C4 FROM T1 T3    ORDER BY 1 DESC ,2 DESC ,3 ASC ,4 ASC

+------+------+------+------+
| c1   | c2   | c3   | c4   |
+------+------+------+------+
| 8    | 35   | 4    | 10   |
| 7    | 35   | 5    | 10   |
| 6    | 35   | 9    | 10   |
| 6    | 35   | 6    | 10   |
| 5    | 35   | 8    | 10   |
| 5    | 35   | 3    | 10   |
| 2    | 35   | 9    | 10   |
| 2    | 35   | 6    | 10   |
| 1    | 35   | 8    | 10   |
| 1    | 35   | 5    | 10   |
+------+------+------+------+
10 rows in set

EXPLAIN SELECT  ((79 / T4.C2) + T4.C3 * T4.C3) - 73 AS C1, T4.C1 AS C2, 58 AS C3, 80 AS C4 FROM T1 T4    ORDER BY 1 ASC ,2 ASC ,3 ASC ,4 DESC

Query Plan:
+----------------------------------------------+
| ID | OPERATOR    | NAME | ROW COUNT | COST   |
+----------------------------------------------+
| 0  | SORT        |      | 100000    | 153565 |
| 1  |  TABLE SCAN | T4   | 100000    | 15410  |
+----------------------------------------------+
Outputs & filters:
0 - output([79 / t4.c2 + t4.c3 * t4.c3 - 73], [t4.c1], [58], [80])
sort_keys([79 / t4.c2 + t4.c3 * t4.c3 - 73 ASC], [t4.c1 ASC], [58 ASC], [80 DESC])
1 - output([79 / t4.c2 + t4.c3 * t4.c3 - 73], [t4.c1])
access([t4.c2], [t4.c3], [t4.c1])

outline:
/*+
BEGIN_OUTLINE_DATA
END_OUTLINE_DATA
*/

SELECT  ((79 / T4.C2) + T4.C3 * T4.C3) - 73 AS C1, T4.C1 AS C2, 58 AS C3, 80 AS C4 FROM T1 T4    ORDER BY 1 ASC ,2 ASC ,3 ASC ,4 DESC

+------+------+------+------+
| c1   | c2   | c3   | c4   |
+------+------+------+------+
| -63  | 9    | 58   | 80   |
| -53  | 5    | 58   | 80   |
| -49  | 8    | 58   | 80   |
| -46  | 6    | 58   | 80   |
| -45  | 5    | 58   | 80   |
| -29  | 3    | 58   | 80   |
| -22  | 8    | 58   | 80   |
| 4    | 4    | 58   | 80   |
| 10   | 6    | 58   | 80   |
| 27   | 9    | 58   | 80   |
+------+------+------+------+
10 rows in set

EXPLAIN SELECT  (T5.C2 - T5.C2) AS C1, 5 AS C2, T5.C4 AS C3, 99 AS C4 FROM T2 T5    ORDER BY 1 ASC ,2 ASC ,3 DESC ,4 DESC

Query Plan:
+----------------------------------------------+
| ID | OPERATOR    | NAME | ROW COUNT | COST   |
+----------------------------------------------+
| 0  | SORT        |      | 100000    | 148565 |
| 1  |  TABLE SCAN | T5   | 100000    | 10410  |
+----------------------------------------------+
Outputs & filters:
0 - output([t5.c2 - t5.c2], [5], [t5.c4], [99])
sort_keys([t5.c2 - t5.c2 ASC], [5 ASC], [t5.c4 DESC], [99 DESC])
1 - output([t5.c2 - t5.c2], [t5.c4])
access([t5.c2], [t5.c4])

outline:
/*+
BEGIN_OUTLINE_DATA
END_OUTLINE_DATA
*/

SELECT  (T5.C2 - T5.C2) AS C1, 5 AS C2, T5.C4 AS C3, 99 AS C4 FROM T2 T5    ORDER BY 1 ASC ,2 ASC ,3 DESC ,4 DESC

+------+------+------+------+
| c1   | c2   | c3   | c4   |
+------+------+------+------+
| 0    | 5    | 4    | 99   |
| 0    | 5    | 6    | 99   |
| 0    | 5    | 1    | 99   |
| 0    | 5    | 4    | 99   |
| 0    | 5    | 1    | 99   |
| 0    | 5    | 2    | 99   |
| 0    | 5    | 1    | 99   |
| 0    | 5    | 4    | 99   |
| 0    | 5    | 8    | 99   |
| 0    | 5    | 3    | 99   |
+------+------+------+------+
10 rows in set

EXPLAIN SELECT  (((61 * T6.C4) + (T6.C2 / T6.C2)) - T6.C3) AS C1, T6.C3 AS C2, 70 AS C3, T6.C2 AS C4 FROM T2 T6    ORDER BY 1 DESC ,2 ASC ,3 ASC ,4 DESC

Query Plan:
+----------------------------------------------+
| ID | OPERATOR    | NAME | ROW COUNT | COST   |
+----------------------------------------------+
| 0  | SORT        |      | 100000    | 153565 |
| 1  |  TABLE SCAN | T6   | 100000    | 15410  |
+----------------------------------------------+
Outputs & filters:
0 - output([61 * t6.c4 + t6.c2 / t6.c2 - t6.c3], [t6.c3], [70], [t6.c2])
sort_keys([61 * t6.c4 + t6.c2 / t6.c2 - t6.c3 DESC], [t6.c3 ASC], [70 ASC], [t6.c2 DESC])
1 - output([61 * t6.c4 + t6.c2 / t6.c2 - t6.c3], [t6.c3], [t6.c2])
access([t6.c4], [t6.c2], [t6.c3])

outline:
/*+
BEGIN_OUTLINE_DATA
END_OUTLINE_DATA
*/

SELECT  (((61 * T6.C4) + (T6.C2 / T6.C2)) - T6.C3) AS C1, T6.C3 AS C2, 70 AS C3, T6.C2 AS C4 FROM T2 T6    ORDER BY 1 DESC ,2 ASC ,3 ASC ,4 DESC

+------+------+------+------+
| c1   | c2   | c3   | c4   |
+------+------+------+------+
| 485  | 4    | 70   | 4    |
| 365  | 2    | 70   | 9    |
| 244  | 1    | 70   | 5    |
| 244  | 1    | 70   | 1    |
| 241  | 4    | 70   | 8    |
| 183  | 1    | 70   | 6    |
| 120  | 3    | 70   | 7    |
| 61   | 1    | 70   | 7    |
| 57   | 5    | 70   | 6    |
| 55   | 7    | 70   | 7    |
+------+------+------+------+
10 rows in set

EXPLAIN SELECT  T9.C4 AS C1, T9.C2 AS C2, T9.C1 AS C3, T9.C4 AS C4 FROM (SELECT  45 AS C1, T8.C2 / (((81 / (76 + T8.C4 + T8.C3)) * T8.C3 / T8.C3 * T8.C1) + T8.C3 + T8.C3) AS C2, T8.C2 AS C3, T8.C3 AS C4 FROM (SELECT  (T7.C3 + (T7.C2 - T7.C1 * T7.C2) / T7.C2 - T7.C4) AS C1, T7.C2 AS C2, T7.C2 AS C3, T7.C4 AS C4 FROM T2 T7    ORDER BY 1 DESC ,2 DESC ,3 DESC ,4 ASC  ) T8    ORDER BY 1 DESC ,2 DESC ,3 ASC ,4 DESC  ) T9    ORDER BY 1 DESC ,2 ASC ,3 ASC ,4 DESC

Query Plan:
+--------------------------------------------------+
| ID | OPERATOR        | NAME | ROW COUNT | COST   |
+--------------------------------------------------+
| 0  | SORT            |      | 100000    | 434875 |
| 1  |  VIEW           | T9   | 100000    | 296720 |
| 2  |   SORT          |      | 100000    | 296720 |
| 3  |    VIEW         | T8   | 100000    | 158565 |
| 4  |     SORT        |      | 100000    | 158565 |
| 5  |      TABLE SCAN | T7   | 100000    | 20410  |
+--------------------------------------------------+
Outputs & filters:
0 - output([t9.c4], [t9.c2], [t9.c1], [t9.c4])
sort_keys([t9.c4 DESC], [t9.c2 ASC], [t9.c1 ASC], [t9.c4 DESC])
1 - output([t9.c4], [t9.c2], [t9.c1])
2 - output([45], [t8.c2 / 81 / 76 + t8.c4 + t8.c3 * t8.c3 / t8.c3 * t8.c1 + t8.c3 + t8.c3], [t8.c2], [t8.c3])
sort_keys([45 DESC], [t8.c2 / 81 / 76 + t8.c4 + t8.c3 * t8.c3 / t8.c3 * t8.c1 + t8.c3 + t8.c3 DESC], [t8.c2 ASC], [t8.c3 DESC])
3 - output([t8.c2 / 81 / 76 + t8.c4 + t8.c3 * t8.c3 / t8.c3 * t8.c1 + t8.c3 + t8.c3], [t8.c2], [t8.c3])
4 - output([t7.c3 + t7.c2 - t7.c1 * t7.c2 / t7.c2 - t7.c4], [t7.c2], [t7.c2], [t7.c4])
sort_keys([t7.c3 + t7.c2 - t7.c1 * t7.c2 / t7.c2 - t7.c4 DESC], [t7.c2 DESC], [t7.c2 DESC], [t7.c4 ASC])
5 - output([t7.c3 + t7.c2 - t7.c1 * t7.c2 / t7.c2 - t7.c4], [t7.c2], [t7.c4])
access([t7.c3], [t7.c2], [t7.c1], [t7.c4])

outline:
/*+
BEGIN_OUTLINE_DATA
END_OUTLINE_DATA
*/

SELECT  T9.C4 AS C1, T9.C2 AS C2, T9.C1 AS C3, T9.C4 AS C4 FROM (SELECT  45 AS C1, T8.C2 / (((81 / (76 + T8.C4 + T8.C3)) * T8.C3 / T8.C3 * T8.C1) + T8.C3 + T8.C3) AS C2, T8.C2 AS C3, T8.C3 AS C4 FROM (SELECT  (T7.C3 + (T7.C2 - T7.C1 * T7.C2) / T7.C2 - T7.C4) AS C1, T7.C2 AS C2, T7.C2 AS C3, T7.C4 AS C4 FROM T2 T7    ORDER BY 1 DESC ,2 DESC ,3 DESC ,4 ASC  ) T8    ORDER BY 1 DESC ,2 DESC ,3 ASC ,4 DESC  ) T9    ORDER BY 1 DESC ,2 ASC ,3 ASC ,4 DESC

+------+------+------+------+
| c1   | c2   | c3   | c4   |
+------+------+------+------+
| 9    | 0    | 45   | 9    |
| 8    | 0    | 45   | 8    |
| 7    | 0    | 45   | 7    |
| 7    | 0    | 45   | 7    |
| 7    | 0    | 45   | 7    |
| 6    | 0    | 45   | 6    |
| 6    | 0    | 45   | 6    |
| 5    | 0    | 45   | 5    |
| 4    | 0    | 45   | 4    |
| 1    | -0   | 45   | 1    |
+------+------+------+------+
10 rows in set

EXPLAIN SELECT  62 AS C1, T10.C3 AS C2, T10.C3 AS C3, T10.C4 AS C4 FROM T1 T10    ORDER BY 1 DESC ,2 ASC ,3 ASC ,4 DESC

Query Plan:
+----------------------------------------------+
| ID | OPERATOR    | NAME | ROW COUNT | COST   |
+----------------------------------------------+
| 0  | SORT        |      | 100000    | 148565 |
| 1  |  TABLE SCAN | T10  | 100000    | 10410  |
+----------------------------------------------+
Outputs & filters:
0 - output([62], [t10.c3], [t10.c3], [t10.c4])
sort_keys([62 DESC], [t10.c3 ASC], [t10.c3 ASC], [t10.c4 DESC])
1 - output([t10.c3], [t10.c4])
access([t10.c3], [t10.c4])

outline:
/*+
BEGIN_OUTLINE_DATA
END_OUTLINE_DATA
*/

SELECT  62 AS C1, T10.C3 AS C2, T10.C3 AS C3, T10.C4 AS C4 FROM T1 T10    ORDER BY 1 DESC ,2 ASC ,3 ASC ,4 DESC

+------+------+------+------+
| c1   | c2   | c3   | c4   |
+------+------+------+------+
| 62   | 3    | 3    | 7    |
| 62   | 3    | 3    | 5    |
| 62   | 6    | 6    | 1    |
| 62   | 5    | 5    | 5    |
| 62   | 9    | 9    | 2    |
| 62   | 1    | 1    | 2    |
| 62   | 8    | 8    | 8    |
| 62   | 1    | 1    | 6    |
| 62   | 2    | 2    | 6    |
| 62   | 3    | 3    | 1    |
+------+------+------+------+
10 rows in set

EXPLAIN SELECT  T12.C4 AS C1, T12.C1 / T12.C4 / T12.C2 AS C2, T12.C4 AS C3, T12.C4 AS C4 FROM (SELECT  ((24 / T11.C4) * T11.C2 + ((27 / T11.C4) / T11.C1 - T11.C3 / 65)) AS C1, 46 AS C2, (26 + T11.C4 + T11.C1 * T11.C4 * (33 + T11.C1)) AS C3, (T11.C3 * 14) AS C4 FROM T2 T11    ORDER BY 1 DESC ,2 ASC ,3 ASC ,4 ASC  ) T12    ORDER BY 1 DESC ,2 DESC ,3 ASC ,4 ASC

Query Plan:
+------------------------------------------------+
| ID | OPERATOR      | NAME | ROW COUNT | COST   |
+------------------------------------------------+
| 0  | SORT          |      | 100000    | 296720 |
| 1  |  VIEW         | T12  | 100000    | 158565 |
| 2  |   SORT        |      | 100000    | 158565 |
| 3  |    TABLE SCAN | T11  | 100000    | 20410  |
+------------------------------------------------+
Outputs & filters:
0 - output([t12.c4], [t12.c1 / t12.c4 / t12.c2], [t12.c4], [t12.c4])
sort_keys([t12.c4 DESC], [t12.c1 / t12.c4 / t12.c2 DESC], [t12.c4 ASC], [t12.c4 ASC])
1 - output([t12.c4], [t12.c1 / t12.c4 / t12.c2])
2 - output([24 / t11.c4 * t11.c2 + 27 / t11.c4 / t11.c1 - t11.c3 / 65], [46], [26 + t11.c4 + t11.c1 * t11.c4 * 33 + t11.c1], [t11.c3 * 14])
sort_keys([24 / t11.c4 * t11.c2 + 27 / t11.c4 / t11.c1 - t11.c3 / 65 DESC], [46 ASC], [26 + t11.c4 + t11.c1 * t11.c4 * 33 + t11.c1 ASC], [t11.c3 * 14 ASC])
3 - output([24 / t11.c4 * t11.c2 + 27 / t11.c4 / t11.c1 - t11.c3 / 65], [26 + t11.c4 + t11.c1 * t11.c4 * 33 + t11.c1], [t11.c3 * 14])
access([t11.c4], [t11.c2], [t11.c1], [t11.c3])

outline:
/*+
BEGIN_OUTLINE_DATA
END_OUTLINE_DATA
*/

SELECT  T12.C4 AS C1, T12.C1 / T12.C4 / T12.C2 AS C2, T12.C4 AS C3, T12.C4 AS C4 FROM (SELECT  ((24 / T11.C4) * T11.C2 + ((27 / T11.C4) / T11.C1 - T11.C3 / 65)) AS C1, 46 AS C2, (26 + T11.C4 + T11.C1 * T11.C4 * (33 + T11.C1)) AS C3, (T11.C3 * 14) AS C4 FROM T2 T11    ORDER BY 1 DESC ,2 ASC ,3 ASC ,4 ASC  ) T12    ORDER BY 1 DESC ,2 DESC ,3 ASC ,4 ASC

+------+------+------+------+
| c1   | c2   | c3   | c4   |
+------+------+------+------+
| 98   | 0    | 98   | 98   |
| 70   | 0    | 70   | 70   |
| 56   | 0    | 56   | 56   |
| 56   | 0    | 56   | 56   |
| 42   | 0    | 42   | 42   |
| 28   | 0    | 28   | 28   |
| 14   | 0    | 14   | 14   |
| 14   | 0    | 14   | 14   |
| 14   | 0    | 14   | 14   |
| 14   | 0    | 14   | 14   |
+------+------+------+------+
10 rows in set

EXPLAIN SELECT  82 AS C1, T14.C4 AS C2, T14.C4 AS C3, 63 AS C4 FROM (SELECT  26 AS C1, T13.C4 * 85 AS C2, 83 AS C3, 89 AS C4 FROM T2 T13    ORDER BY 1 DESC ,2 DESC ,3 ASC ,4 DESC  ) T14    ORDER BY 1 ASC ,2 ASC ,3 DESC ,4 DESC

Query Plan:
+------------------------------------------------+
| ID | OPERATOR      | NAME | ROW COUNT | COST   |
+------------------------------------------------+
| 0  | SORT          |      | 100000    | 281720 |
| 1  |  VIEW         | T14  | 100000    | 143565 |
| 2  |   SORT        |      | 100000    | 143565 |
| 3  |    TABLE SCAN | T13  | 100000    | 5410   |
+------------------------------------------------+
Outputs & filters:
0 - output([82], [t14.c4], [t14.c4], [63])
sort_keys([82 ASC], [t14.c4 ASC], [t14.c4 DESC], [63 DESC])
1 - output([t14.c4])
2 - output([26], [t13.c4 * 85], [83], [89])
sort_keys([26 DESC], [t13.c4 * 85 DESC], [83 ASC], [89 DESC])
3 - output([t13.c4 * 85])
access([t13.c4])

outline:
/*+
BEGIN_OUTLINE_DATA
END_OUTLINE_DATA
*/

SELECT  82 AS C1, T14.C4 AS C2, T14.C4 AS C3, 63 AS C4 FROM (SELECT  26 AS C1, T13.C4 * 85 AS C2, 83 AS C3, 89 AS C4 FROM T2 T13    ORDER BY 1 DESC ,2 DESC ,3 ASC ,4 DESC  ) T14    ORDER BY 1 ASC ,2 ASC ,3 DESC ,4 DESC

+------+------+------+------+
| c1   | c2   | c3   | c4   |
+------+------+------+------+
| 82   | 89   | 89   | 63   |
| 82   | 89   | 89   | 63   |
| 82   | 89   | 89   | 63   |
| 82   | 89   | 89   | 63   |
| 82   | 89   | 89   | 63   |
| 82   | 89   | 89   | 63   |
| 82   | 89   | 89   | 63   |
| 82   | 89   | 89   | 63   |
| 82   | 89   | 89   | 63   |
| 82   | 89   | 89   | 63   |
+------+------+------+------+
10 rows in set

EXPLAIN SELECT  T17.C4 AS C1, T17.C1 - T17.C4 * T17.C3 AS C2, T17.C1 AS C3, T17.C1 AS C4 FROM (SELECT  ((T16.C3 - T16.C1) / T16.C1) - 62 + T16.C3 AS C1, T16.C3 AS C2, T16.C1 AS C3, T16.C4 AS C4 FROM (SELECT  59 - T15.C1 AS C1, T15.C4 AS C2, T15.C4 AS C3, 70 AS C4 FROM T1 T15    ORDER BY 1 DESC ,2 DESC ,3 DESC ,4 DESC  ) T16    ORDER BY 1 ASC ,2 ASC ,3 DESC ,4 ASC  ) T17    ORDER BY 1 ASC ,2 ASC ,3 ASC ,4 ASC

Query Plan:
+--------------------------------------------------+
| ID | OPERATOR        | NAME | ROW COUNT | COST   |
+--------------------------------------------------+
| 0  | SORT            |      | 100000    | 424875 |
| 1  |  VIEW           | T17  | 100000    | 286720 |
| 2  |   SORT          |      | 100000    | 286720 |
| 3  |    VIEW         | T16  | 100000    | 148565 |
| 4  |     SORT        |      | 100000    | 148565 |
| 5  |      TABLE SCAN | T15  | 100000    | 10410  |
+--------------------------------------------------+
Outputs & filters:
0 - output([t17.c4], [t17.c1 - t17.c4 * t17.c3], [t17.c1], [t17.c1])
sort_keys([t17.c4 ASC], [t17.c1 - t17.c4 * t17.c3 ASC], [t17.c1 ASC], [t17.c1 ASC])
1 - output([t17.c4], [t17.c1 - t17.c4 * t17.c3], [t17.c1])
2 - output([t16.c3 - t16.c1 / t16.c1 - 62 + t16.c3], [t16.c3], [t16.c1], [t16.c4])
sort_keys([t16.c3 - t16.c1 / t16.c1 - 62 + t16.c3 ASC], [t16.c3 ASC], [t16.c1 DESC], [t16.c4 ASC])
3 - output([t16.c3 - t16.c1 / t16.c1 - 62 + t16.c3], [t16.c3], [t16.c1], [t16.c4])
4 - output([59 - t15.c1], [t15.c4], [t15.c4], [70])
sort_keys([59 - t15.c1 DESC], [t15.c4 DESC], [t15.c4 DESC], [70 DESC])
5 - output([59 - t15.c1], [t15.c4])
access([t15.c1], [t15.c4])

outline:
/*+
BEGIN_OUTLINE_DATA
END_OUTLINE_DATA
*/

SELECT  T17.C4 AS C1, T17.C1 - T17.C4 * T17.C3 AS C2, T17.C1 AS C3, T17.C1 AS C4 FROM (SELECT  ((T16.C3 - T16.C1) / T16.C1) - 62 + T16.C3 AS C1, T16.C3 AS C2, T16.C1 AS C3, T16.C4 AS C4 FROM (SELECT  59 - T15.C1 AS C1, T15.C4 AS C2, T15.C4 AS C3, 70 AS C4 FROM T1 T15    ORDER BY 1 DESC ,2 DESC ,3 DESC ,4 DESC  ) T16    ORDER BY 1 ASC ,2 ASC ,3 DESC ,4 ASC  ) T17    ORDER BY 1 ASC ,2 ASC ,3 ASC ,4 ASC

+------+-------+------+------+
| c1   | c2    | c3   | c4   |
+------+-------+------+------+
| 70   | -3841 | -61  | -61  |
| 70   | -3770 | -60  | -60  |
| 70   | -3560 | -60  | -60  |
| 70   | -3627 | -57  | -57  |
| 70   | -3977 | -57  | -57  |
| 70   | -3556 | -56  | -56  |
| 70   | -3766 | -56  | -56  |
| 70   | -3835 | -55  | -55  |
| 70   | -3904 | -54  | -54  |
| 70   | -3631 | -61  | -61  |
+------+-------+------+------+
10 rows in set

EXPLAIN SELECT  T20.C2 AS C1, (T20.C3 - T20.C3 + 53 * T20.C3) AS C2, T20.C1 AS C3, T20.C3 AS C4 FROM (SELECT  (T19.C1 + T19.C2) / 88 AS C1, 49 AS C2, T19.C2 AS C3, T19.C1 AS C4 FROM (SELECT  (T18.C4 + (T18.C2 / 84) - 15 / T18.C3 / T18.C4) / T18.C1 + T18.C3 AS C1, 38 AS C2, T18.C3 AS C3, T18.C1 AS C4 FROM T1 T18    ORDER BY 1 DESC ,2 ASC ,3 DESC ,4 DESC  ) T19    ORDER BY 1 ASC ,2 ASC ,3 ASC ,4 ASC  ) T20    ORDER BY 1 ASC ,2 ASC ,3 DESC ,4 ASC

Query Plan:
+--------------------------------------------------+
| ID | OPERATOR        | NAME | ROW COUNT | COST   |
+--------------------------------------------------+
| 0  | SORT            |      | 100000    | 434875 |
| 1  |  VIEW           | T20  | 100000    | 296720 |
| 2  |   SORT          |      | 100000    | 296720 |
| 3  |    VIEW         | T19  | 100000    | 158565 |
| 4  |     SORT        |      | 100000    | 158565 |
| 5  |      TABLE SCAN | T18  | 100000    | 20410  |
+--------------------------------------------------+
Outputs & filters:
0 - output([t20.c2], [t20.c3 - t20.c3 + 53 * t20.c3], [t20.c1], [t20.c3])
sort_keys([t20.c2 ASC], [t20.c3 - t20.c3 + 53 * t20.c3 ASC], [t20.c1 DESC], [t20.c3 ASC])
1 - output([t20.c2], [t20.c3 - t20.c3 + 53 * t20.c3], [t20.c1], [t20.c3])
2 - output([t19.c1 + t19.c2 / 88], [49], [t19.c2], [t19.c1])
sort_keys([t19.c1 + t19.c2 / 88 ASC], [49 ASC], [t19.c2 ASC], [t19.c1 ASC])
3 - output([t19.c1 + t19.c2 / 88], [t19.c2], [t19.c1])
4 - output([t18.c4 + t18.c2 / 84 - 15 / t18.c3 / t18.c4 / t18.c1 + t18.c3], [38], [t18.c3], [t18.c1])
sort_keys([t18.c4 + t18.c2 / 84 - 15 / t18.c3 / t18.c4 / t18.c1 + t18.c3 DESC], [38 ASC], [t18.c3 DESC], [t18.c1 DESC])
5 - output([t18.c4 + t18.c2 / 84 - 15 / t18.c3 / t18.c4 / t18.c1 + t18.c3], [t18.c3], [t18.c1])
access([t18.c4], [t18.c2], [t18.c3], [t18.c1])

outline:
/*+
BEGIN_OUTLINE_DATA
END_OUTLINE_DATA
*/

SELECT  T20.C2 AS C1, (T20.C3 - T20.C3 + 53 * T20.C3) AS C2, T20.C1 AS C3, T20.C3 AS C4 FROM (SELECT  (T19.C1 + T19.C2) / 88 AS C1, 49 AS C2, T19.C2 AS C3, T19.C1 AS C4 FROM (SELECT  (T18.C4 + (T18.C2 / 84) - 15 / T18.C3 / T18.C4) / T18.C1 + T18.C3 AS C1, 38 AS C2, T18.C3 AS C3, T18.C1 AS C4 FROM T1 T18    ORDER BY 1 DESC ,2 ASC ,3 DESC ,4 DESC  ) T19    ORDER BY 1 ASC ,2 ASC ,3 ASC ,4 ASC  ) T20    ORDER BY 1 ASC ,2 ASC ,3 DESC ,4 ASC

+------+------+------+------+
| c1   | c2   | c3   | c4   |
+------+------+------+------+
| 49   | 2014 | 0    | 38   |
| 49   | 2014 | 0    | 38   |
| 49   | 2014 | 0    | 38   |
| 49   | 2014 | 0    | 38   |
| 49   | 2014 | 0    | 38   |
| 49   | 2014 | 0    | 38   |
| 49   | 2014 | 0    | 38   |
| 49   | 2014 | 0    | 38   |
| 49   | 2014 | 0    | 38   |
| 49   | 2014 | 0    | 38   |
+------+------+------+------+
10 rows in set

EXPLAIN SELECT  (54 + T21.C3 / (T21.C3 * T21.C2) * T21.C2 / 16 - T21.C2 * T21.C3) AS C1, T21.C2 AS C2, T21.C2 AS C3, T21.C3 AS C4 FROM T2 T21    ORDER BY 1 ASC ,2 ASC ,3 ASC ,4 ASC

Query Plan:
+----------------------------------------------+
| ID | OPERATOR    | NAME | ROW COUNT | COST   |
+----------------------------------------------+
| 0  | SORT        |      | 100000    | 148565 |
| 1  |  TABLE SCAN | T21  | 100000    | 10410  |
+----------------------------------------------+
Outputs & filters:
0 - output([54 + t21.c3 / t21.c3 * t21.c2 * t21.c2 / 16 - t21.c2 * t21.c3], [t21.c2], [t21.c2], [t21.c3])
sort_keys([54 + t21.c3 / t21.c3 * t21.c2 * t21.c2 / 16 - t21.c2 * t21.c3 ASC], [t21.c2 ASC], [t21.c2 ASC], [t21.c3 ASC])
1 - output([54 + t21.c3 / t21.c3 * t21.c2 * t21.c2 / 16 - t21.c2 * t21.c3], [t21.c2], [t21.c3])
access([t21.c3], [t21.c2])

outline:
/*+
BEGIN_OUTLINE_DATA
END_OUTLINE_DATA
*/

SELECT  (54 + T21.C3 / (T21.C3 * T21.C2) * T21.C2 / 16 - T21.C2 * T21.C3) AS C1, T21.C2 AS C2, T21.C2 AS C3, T21.C3 AS C4 FROM T2 T21    ORDER BY 1 ASC ,2 ASC ,3 ASC ,4 ASC

+------+------+------+------+
| c1   | c2   | c3   | c4   |
+------+------+------+------+
| 5    | 7    | 7    | 7    |
| 22   | 8    | 8    | 4    |
| 24   | 6    | 6    | 5    |
| 33   | 7    | 7    | 3    |
| 36   | 9    | 9    | 2    |
| 38   | 4    | 4    | 4    |
| 47   | 7    | 7    | 1    |
| 48   | 6    | 6    | 1    |
| 49   | 5    | 5    | 1    |
| 53   | 1    | 1    | 1    |
+------+------+------+------+
10 rows in set

EXPLAIN SELECT  T22.C3 AS C1, T22.C4 AS C2, T22.C4 AS C3, 86 AS C4 FROM T2 T22    ORDER BY 1 ASC ,2 DESC ,3 ASC ,4 ASC

Query Plan:
+----------------------------------------------+
| ID | OPERATOR    | NAME | ROW COUNT | COST   |
+----------------------------------------------+
| 0  | SORT        |      | 100000    | 148565 |
| 1  |  TABLE SCAN | T22  | 100000    | 10410  |
+----------------------------------------------+
Outputs & filters:
0 - output([t22.c3], [t22.c4], [t22.c4], [86])
sort_keys([t22.c3 ASC], [t22.c4 DESC], [t22.c4 ASC], [86 ASC])
1 - output([t22.c3], [t22.c4])
access([t22.c3], [t22.c4])

outline:
/*+
BEGIN_OUTLINE_DATA
END_OUTLINE_DATA
*/

SELECT  T22.C3 AS C1, T22.C4 AS C2, T22.C4 AS C3, 86 AS C4 FROM T2 T22    ORDER BY 1 ASC ,2 DESC ,3 ASC ,4 ASC

+------+------+------+------+
| c1   | c2   | c3   | c4   |
+------+------+------+------+
| 1    | 1    | 1    | 86   |
| 1    | 4    | 4    | 86   |
| 1    | 4    | 4    | 86   |
| 1    | 3    | 3    | 86   |
| 2    | 6    | 6    | 86   |
| 3    | 2    | 2    | 86   |
| 4    | 4    | 4    | 86   |
| 4    | 8    | 8    | 86   |
| 5    | 1    | 1    | 86   |
| 7    | 1    | 1    | 86   |
+------+------+------+------+
10 rows in set

EXPLAIN SELECT  T24.C4 AS C1, 63 - T24.C3 / T24.C3 AS C2, T24.C4 AS C3, T24.C2 AS C4 FROM (SELECT  ((T23.C3 * (T23.C3 * T23.C2) * T23.C3 - ((77 + T23.C1) - T23.C4) * T23.C4 * T23.C3 - T23.C1) * T23.C1) AS C1, T23.C3 * (T23.C2 * T23.C3) * T23.C2 + ((85 - T23.C2) + T23.C1) AS C2, T23.C3 AS C3, T23.C2 AS C4 FROM T1 T23    ORDER BY 1 ASC ,2 DESC ,3 ASC ,4 DESC  ) T24    ORDER BY 1 DESC ,2 DESC ,3 DESC ,4 DESC

Query Plan:
+------------------------------------------------+
| ID | OPERATOR      | NAME | ROW COUNT | COST   |
+------------------------------------------------+
| 0  | SORT          |      | 100000    | 296720 |
| 1  |  VIEW         | T24  | 100000    | 158565 |
| 2  |   SORT        |      | 100000    | 158565 |
| 3  |    TABLE SCAN | T23  | 100000    | 20410  |
+------------------------------------------------+
Outputs & filters:
0 - output([t24.c4], [63 - t24.c3 / t24.c3], [t24.c4], [t24.c2])
sort_keys([t24.c4 DESC], [63 - t24.c3 / t24.c3 DESC], [t24.c4 DESC], [t24.c2 DESC])
1 - output([t24.c4], [63 - t24.c3 / t24.c3], [t24.c2])
2 - output([t23.c3 * t23.c3 * t23.c2 * t23.c3 - 77 + t23.c1 - t23.c4 * t23.c4 * t23.c3 - t23.c1 * t23.c1], [t23.c3 * t23.c2 * t23.c3 * t23.c2 + 85 - t23.c2 + t23.c1], [t23.c3], [t23.c2])
sort_keys([t23.c3 * t23.c3 * t23.c2 * t23.c3 - 77 + t23.c1 - t23.c4 * t23.c4 * t23.c3 - t23.c1 * t23.c1 ASC], [t23.c3 * t23.c2 * t23.c3 * t23.c2 + 85 - t23.c2 + t23.c1 DESC], [t23.c3 ASC], [t23.c2 DESC])
3 - output([t23.c3 * t23.c3 * t23.c2 * t23.c3 - 77 + t23.c1 - t23.c4 * t23.c4 * t23.c3 - t23.c1 * t23.c1], [t23.c3 * t23.c2 * t23.c3 * t23.c2 + 85 - t23.c2 + t23.c1], [t23.c3], [t23.c2])
access([t23.c3], [t23.c2], [t23.c1], [t23.c4])

outline:
/*+
BEGIN_OUTLINE_DATA
END_OUTLINE_DATA
*/

SELECT  T24.C4 AS C1, 63 - T24.C3 / T24.C3 AS C2, T24.C4 AS C3, T24.C2 AS C4 FROM (SELECT  ((T23.C3 * (T23.C3 * T23.C2) * T23.C3 - ((77 + T23.C1) - T23.C4) * T23.C4 * T23.C3 - T23.C1) * T23.C1) AS C1, T23.C3 * (T23.C2 * T23.C3) * T23.C2 + ((85 - T23.C2) + T23.C1) AS C2, T23.C3 AS C3, T23.C2 AS C4 FROM T1 T23    ORDER BY 1 ASC ,2 DESC ,3 ASC ,4 DESC  ) T24    ORDER BY 1 DESC ,2 DESC ,3 DESC ,4 DESC

+------+------+------+------+
| c1   | c2   | c3   | c4   |
+------+------+------+------+
| 8    | 62   | 8    | 150  |
| 7    | 62   | 7    | 524  |
| 6    | 62   | 6    | 2387 |
| 5    | 62   | 5    | 988  |
| 5    | 62   | 5    | 313  |
| 4    | 62   | 4    | 230  |
| 4    | 62   | 4    | 1386 |
| 4    | 62   | 4    | 484  |
| 3    | 62   | 3    | 97   |
| 1    | 62   | 1    | 94   |
+------+------+------+------+
10 rows in set

EXPLAIN SELECT  (T25.C3 / 55 * ((T25.C2 - T25.C2 / T25.C4) + T25.C3) / T25.C4) * T25.C1 AS C1, T25.C4 AS C2, T25.C4 AS C3, T25.C2 AS C4 FROM T2 T25    ORDER BY 1 ASC ,2 DESC ,3 DESC ,4 ASC

Query Plan:
+----------------------------------------------+
| ID | OPERATOR    | NAME | ROW COUNT | COST   |
+----------------------------------------------+
| 0  | SORT        |      | 100000    | 158565 |
| 1  |  TABLE SCAN | T25  | 100000    | 20410  |
+----------------------------------------------+
Outputs & filters:
0 - output([t25.c3 / 55 * t25.c2 - t25.c2 / t25.c4 + t25.c3 / t25.c4 * t25.c1], [t25.c4], [t25.c4], [t25.c2])
sort_keys([t25.c3 / 55 * t25.c2 - t25.c2 / t25.c4 + t25.c3 / t25.c4 * t25.c1 ASC], [t25.c4 DESC], [t25.c4 DESC], [t25.c2 ASC])
1 - output([t25.c3 / 55 * t25.c2 - t25.c2 / t25.c4 + t25.c3 / t25.c4 * t25.c1], [t25.c4], [t25.c2])
access([t25.c3], [t25.c2], [t25.c4], [t25.c1])

outline:
/*+
BEGIN_OUTLINE_DATA
END_OUTLINE_DATA
*/

SELECT  (T25.C3 / 55 * ((T25.C2 - T25.C2 / T25.C4) + T25.C3) / T25.C4) * T25.C1 AS C1, T25.C4 AS C2, T25.C4 AS C3, T25.C2 AS C4 FROM T2 T25    ORDER BY 1 ASC ,2 DESC ,3 DESC ,4 ASC

+------+------+------+------+
| c1   | c2   | c3   | c4   |
+------+------+------+------+
| 0    | 4    | 4    | 8    |
| 0    | 6    | 6    | 9    |
| 0    | 1    | 1    | 6    |
| 0    | 4    | 4    | 1    |
| 0    | 1    | 1    | 7    |
| 0    | 2    | 2    | 7    |
| 0    | 1    | 1    | 7    |
| 0    | 4    | 4    | 5    |
| 0    | 8    | 8    | 4    |
| 0    | 3    | 3    | 6    |
+------+------+------+------+
10 rows in set

EXPLAIN SELECT  ((T26.C2 / T26.C3 - T26.C1 - T26.C4) - T26.C4) AS C1, T26.C1 AS C2, T26.C3 AS C3, T26.C2 AS C4 FROM T1 T26    ORDER BY 1 DESC ,2 ASC ,3 DESC ,4 ASC

Query Plan:
+----------------------------------------------+
| ID | OPERATOR    | NAME | ROW COUNT | COST   |
+----------------------------------------------+
| 0  | SORT        |      | 100000    | 158565 |
| 1  |  TABLE SCAN | T26  | 100000    | 20410  |
+----------------------------------------------+
Outputs & filters:
0 - output([t26.c2 / t26.c3 - t26.c1 - t26.c4 - t26.c4], [t26.c1], [t26.c3], [t26.c2])
sort_keys([t26.c2 / t26.c3 - t26.c1 - t26.c4 - t26.c4 DESC], [t26.c1 ASC], [t26.c3 DESC], [t26.c2 ASC])
1 - output([t26.c2 / t26.c3 - t26.c1 - t26.c4 - t26.c4], [t26.c1], [t26.c3], [t26.c2])
access([t26.c2], [t26.c3], [t26.c1], [t26.c4])

outline:
/*+
BEGIN_OUTLINE_DATA
END_OUTLINE_DATA
*/

SELECT  ((T26.C2 / T26.C3 - T26.C1 - T26.C4) - T26.C4) AS C1, T26.C1 AS C2, T26.C3 AS C3, T26.C2 AS C4 FROM T1 T26    ORDER BY 1 DESC ,2 ASC ,3 DESC ,4 ASC

+------+------+------+------+
| c1   | c2   | c3   | c4   |
+------+------+------+------+
| -6   | 5    | 3    | 4    |
| -7   | 6    | 1    | 3    |
| -10  | 8    | 6    | 5    |
| -13  | 3    | 5    | 4    |
| -13  | 9    | 9    | 4    |
| -13  | 9    | 1    | 8    |
| -17  | 8    | 3    | 5    |
| -17  | 5    | 3    | 7    |
| -18  | 6    | 2    | 1    |
| -20  | 4    | 8    | 6    |
+------+------+------+------+
10 rows in set

EXPLAIN SELECT  (T27.C2 * 63) + T27.C3 AS C1, 94 AS C2, T27.C4 AS C3, T27.C2 AS C4 FROM T1 T27    ORDER BY 1 ASC ,2 ASC ,3 DESC ,4 ASC

Query Plan:
+----------------------------------------------+
| ID | OPERATOR    | NAME | ROW COUNT | COST   |
+----------------------------------------------+
| 0  | SORT        |      | 100000    | 153565 |
| 1  |  TABLE SCAN | T27  | 100000    | 15410  |
+----------------------------------------------+
Outputs & filters:
0 - output([t27.c2 * 63 + t27.c3], [94], [t27.c4], [t27.c2])
sort_keys([t27.c2 * 63 + t27.c3 ASC], [94 ASC], [t27.c4 DESC], [t27.c2 ASC])
1 - output([t27.c2 * 63 + t27.c3], [t27.c4], [t27.c2])
access([t27.c2], [t27.c3], [t27.c4])

outline:
/*+
BEGIN_OUTLINE_DATA
END_OUTLINE_DATA
*/

SELECT  (T27.C2 * 63) + T27.C3 AS C1, 94 AS C2, T27.C4 AS C3, T27.C2 AS C4 FROM T1 T27    ORDER BY 1 ASC ,2 ASC ,3 DESC ,4 ASC

+------+------+------+------+
| c1   | c2   | c3   | c4   |
+------+------+------+------+
| 65   | 94   | 6    | 1    |
| 190  | 94   | 2    | 3    |
| 255  | 94   | 1    | 4    |
| 257  | 94   | 5    | 4    |
| 261  | 94   | 2    | 4    |
| 318  | 94   | 5    | 5    |
| 321  | 94   | 1    | 5    |
| 386  | 94   | 8    | 6    |
| 444  | 94   | 7    | 7    |
| 505  | 94   | 6    | 8    |
+------+------+------+------+
10 rows in set

EXPLAIN SELECT  T28.C2 * 0 AS C1, 67 AS C2, T28.C4 AS C3, T28.C3 AS C4 FROM T2 T28    ORDER BY 1 ASC ,2 ASC ,3 DESC ,4 ASC

Query Plan:
+----------------------------------------------+
| ID | OPERATOR    | NAME | ROW COUNT | COST   |
+----------------------------------------------+
| 0  | SORT        |      | 100000    | 153565 |
| 1  |  TABLE SCAN | T28  | 100000    | 15410  |
+----------------------------------------------+
Outputs & filters:
0 - output([t28.c2 * 0], [67], [t28.c4], [t28.c3])
sort_keys([t28.c2 * 0 ASC], [67 ASC], [t28.c4 DESC], [t28.c3 ASC])
1 - output([t28.c2 * 0], [t28.c4], [t28.c3])
access([t28.c2], [t28.c4], [t28.c3])

outline:
/*+
BEGIN_OUTLINE_DATA
END_OUTLINE_DATA
*/

SELECT  T28.C2 * 0 AS C1, 67 AS C2, T28.C4 AS C3, T28.C3 AS C4 FROM T2 T28    ORDER BY 1 ASC ,2 ASC ,3 DESC ,4 ASC

+------+------+------+------+
| c1   | c2   | c3   | c4   |
+------+------+------+------+
| 0    | 67   | 4    | 4    |
| 0    | 67   | 6    | 2    |
| 0    | 67   | 1    | 5    |
| 0    | 67   | 4    | 1    |
| 0    | 67   | 1    | 7    |
| 0    | 67   | 2    | 3    |
| 0    | 67   | 1    | 1    |
| 0    | 67   | 4    | 1    |
| 0    | 67   | 8    | 4    |
| 0    | 67   | 3    | 1    |
+------+------+------+------+
10 rows in set

EXPLAIN SELECT  T31.C4 AS C1, T31.C2 AS C2, T31.C1 AS C3, T31.C4 AS C4 FROM (SELECT  7 AS C1, 54 AS C2, 88 AS C3, T30.C3 + T30.C3 - 61 / T30.C3 * T30.C2 * 65 / T30.C1 - T30.C2 / T30.C2 AS C4 FROM (SELECT  35 AS C1, T29.C1 AS C2, T29.C3 AS C3, T29.C2 AS C4 FROM T1 T29    ORDER BY 1 ASC ,2 DESC ,3 DESC ,4 DESC  ) T30    ORDER BY 1 DESC ,2 ASC ,3 ASC ,4 ASC  ) T31    ORDER BY 1 ASC ,2 DESC ,3 ASC ,4 DESC

Query Plan:
+--------------------------------------------------+
| ID | OPERATOR        | NAME | ROW COUNT | COST   |
+--------------------------------------------------+
| 0  | SORT            |      | 100000    | 429875 |
| 1  |  VIEW           | T31  | 100000    | 291720 |
| 2  |   SORT          |      | 100000    | 291720 |
| 3  |    VIEW         | T30  | 100000    | 153565 |
| 4  |     SORT        |      | 100000    | 153565 |
| 5  |      TABLE SCAN | T29  | 100000    | 15410  |
+--------------------------------------------------+
Outputs & filters:
0 - output([t31.c4], [t31.c2], [t31.c1], [t31.c4])
sort_keys([t31.c4 ASC], [t31.c2 DESC], [t31.c1 ASC], [t31.c4 DESC])
1 - output([t31.c4], [t31.c2], [t31.c1])
2 - output([7], [54], [88], [t30.c3 + t30.c3 - 61 / t30.c3 * t30.c2 * 65 / t30.c1 - t30.c2 / t30.c2])
sort_keys([7 DESC], [54 ASC], [88 ASC], [t30.c3 + t30.c3 - 61 / t30.c3 * t30.c2 * 65 / t30.c1 - t30.c2 / t30.c2 ASC])
3 - output([t30.c3 + t30.c3 - 61 / t30.c3 * t30.c2 * 65 / t30.c1 - t30.c2 / t30.c2])
4 - output([35], [t29.c1], [t29.c3], [t29.c2])
sort_keys([35 ASC], [t29.c1 DESC], [t29.c3 DESC], [t29.c2 DESC])
5 - output([t29.c1], [t29.c3], [t29.c2])
access([t29.c1], [t29.c3], [t29.c2])

outline:
/*+
BEGIN_OUTLINE_DATA
END_OUTLINE_DATA
*/

SELECT  T31.C4 AS C1, T31.C2 AS C2, T31.C1 AS C3, T31.C4 AS C4 FROM (SELECT  7 AS C1, 54 AS C2, 88 AS C3, T30.C3 + T30.C3 - 61 / T30.C3 * T30.C2 * 65 / T30.C1 - T30.C2 / T30.C2 AS C4 FROM (SELECT  35 AS C1, T29.C1 AS C2, T29.C3 AS C3, T29.C2 AS C4 FROM T1 T29    ORDER BY 1 ASC ,2 DESC ,3 DESC ,4 DESC  ) T30    ORDER BY 1 DESC ,2 ASC ,3 ASC ,4 ASC  ) T31    ORDER BY 1 ASC ,2 DESC ,3 ASC ,4 DESC

+-------+------+------+-------+
| c1    | c2   | c3   | c4    |
+-------+------+------+-------+
| -1018 | 54   | 7    | -1018 |
| -678  | 54   | 7    | -678  |
| -331  | 54   | 7    | -331  |
| -292  | 54   | 7    | -292  |
| -180  | 54   | 7    | -180  |
| -180  | 54   | 7    | -180  |
| -137  | 54   | 7    | -137  |
| -83   | 54   | 7    | -83   |
| -57   | 54   | 7    | -57   |
| -37   | 54   | 7    | -37   |
+-------+------+------+-------+
10 rows in set

EXPLAIN SELECT  (T32.C2 / (14 + (23 - T32.C2) * 14)) AS C1, T32.C4 AS C2, T32.C1 AS C3, T32.C2 AS C4 FROM T2 T32    ORDER BY 1 DESC ,2 ASC ,3 DESC ,4 ASC

Query Plan:
+----------------------------------------------+
| ID | OPERATOR    | NAME | ROW COUNT | COST   |
+----------------------------------------------+
| 0  | SORT        |      | 100000    | 153565 |
| 1  |  TABLE SCAN | T32  | 100000    | 15410  |
+----------------------------------------------+
Outputs & filters:
0 - output([t32.c2 / 14 + 23 - t32.c2 * 14], [t32.c4], [t32.c1], [t32.c2])
sort_keys([t32.c2 / 14 + 23 - t32.c2 * 14 DESC], [t32.c4 ASC], [t32.c1 DESC], [t32.c2 ASC])
1 - output([t32.c2 / 14 + 23 - t32.c2 * 14], [t32.c4], [t32.c1], [t32.c2])
access([t32.c2], [t32.c4], [t32.c1])

outline:
/*+
BEGIN_OUTLINE_DATA
END_OUTLINE_DATA
*/

SELECT  (T32.C2 / (14 + (23 - T32.C2) * 14)) AS C1, T32.C4 AS C2, T32.C1 AS C3, T32.C2 AS C4 FROM T2 T32    ORDER BY 1 DESC ,2 ASC ,3 DESC ,4 ASC

+------+------+------+------+
| c1   | c2   | c3   | c4   |
+------+------+------+------+
| 0    | 4    | 3    | 8    |
| 0    | 6    | 9    | 9    |
| 0    | 1    | 7    | 6    |
| 0    | 4    | 6    | 1    |
| 0    | 1    | 4    | 7    |
| 0    | 2    | 2    | 7    |
| 0    | 1    | 1    | 7    |
| 0    | 4    | 1    | 5    |
| 0    | 8    | 7    | 4    |
| 0    | 3    | 3    | 6    |
+------+------+------+------+
10 rows in set

Bye
